column_name,label
налоговый кпп,kpp
миддлнейм,middle_name
work_email,email
PASSPORT_SERIES,passport_series
okpo_number,okpo
Ogrnip_Number,ogrnip
personal_email,email
tel,phone
Username,first_name
номер_загранпаспорта,international_passport_number
отчествоклиента,middle_name
okpo_number,okpo
ОКПО,okpo
tax_id,inn
MOBILE_PHONE,phone
contact_person,full_name
КОД ПОСТАНОВКИ НА УЧЕТ,kpp
lastname,last_name
клиент,full_name
фамилия,last_name
Общероссийский Классификатор,okpo
passport number,passport_number
Person,full_name
страховое свидетельство,snils
Военный Билет №,military_ticket_num
e-mail,email
mobile,phone
user_middlename,middle_name
серия паспорта,passport_series
userinn,inn
классификатор предприятий,okpo
кпп,kpp
name,first_name
иннклиента,inn
тел.,phone
ГОС НОМЕР ЮРЛИЦА,ogrn
client_inn,inn
Фамилия,last_name
серия-и-номер-паспорта,passport_number
ПАСПОРТНЫЕ ДАННЫЕ,passport_number
Госрегистрация,ogrn
СЕРИЯ ПАСПОРТА,passport_series
огрн,ogrn
taxnumber,inn
Foreign Passport Number,international_passport_number
Passport_No,passport_number
Kpp_Number,kpp
user_middle,middle_name
Full_Name,full_name
birth-day,birth_date
ogrnid,ogrn
taxid,inn
окпо,okpo
Отч.,middle_name
tax_id,inn
дата-рождения,birth_date
insurancenumber,snils
инн,inn
ПОЛЬЗОВАТЕЛЬ,full_name
ОТЧ,middle_name
в/б номер,military_ticket_num
client,full_name
КПП,kpp
Full_Name,full_name
окпо,okpo
воен._билет_номер,military_ticket_num
документ-военнослужащего,military_ticket_num
реестр-ип,ogrnip
серия,passport_series
серияиномерпаспорта,passport_number
okpo,okpo
телефон,phone
family,last_name
tax,inn
ФАМИЛИЯ ИМЯ ОТЧЕСТВО,full_name
ВОЕН. БИЛЕТ НОМЕР,military_ticket_num
военбилет,military_ticket_num
insurance_number,snils
cellphone,phone
FULL,full_name
OGRN_NUMBER,ogrn
TAX_NUMBER,inn
МИДДЛНЕЙМ,middle_name
страховоесвидетельство,snils
имя,first_name
business_email,email
фамилии,last_name
inncode,inn
tax_id,inn
номер в/б,military_ticket_num
Регистрационный Номер Ип,ogrnip
num,phone
пользователь,full_name
Insurance_Number,snils
огрн,ogrn
Фио,full_name
passport,passport_number
USER_INN,inn
contact_person,full_name
реестр_ип,ogrnip
first name,first_name
в/бномер,military_ticket_num
clientinn,inn
Датарождения,birth_date
причинапостановки,kpp
Tax_Id,inn
Отч.,middle_name
personal_email,email
Отч.,middle_name
номер военного билета,military_ticket_num
ФАМИЛИЯ_ПОЛЬЗОВАТЕЛЯ,last_name
birthdate,birth_date
окпо,okpo
intl_passport,international_passport_number
регистрационный-номер-ип,ogrnip
номер-паспорта,passport_number
ОТЧЕСТВО КЛИЕНТА,middle_name
Middle,middle_name
Страховой Номер,snils
passport_series,passport_series
taxpayer_id,inn
код постановки на учет,kpp
огрн,ogrn
whatsapp,phone
Seria,passport_series
complete_name,full_name
CLIENT_INN,inn
Corporate_Email,email
номер-загранпаспорта,international_passport_number
серия_паспорта,passport_series
ОКПО,okpo
serpassportser,passport_series
Given_Name,first_name
phone_number,phone
егрюл-номер,ogrn
Огрн Индивидуального Предпринимателя,ogrnip
TAX_ID,inn
пфр,snils
CONTACT EMAIL,email
surname,last_name
passport,passport_number
Number,phone
dob,birth_date
client_name,first_name
kpp_number,kpp
госрегистрация,ogrn
военный билет серия,military_ticket_num
егрипномер,ogrnip
номер_записи_в_егрип,ogrnip
Огрнип Ип,ogrnip
страховоесвидетельство,snils
серияпаспорта,passport_series
Датарождения,birth_date
LAST NAME,last_name
военник,military_ticket_num
Имя,first_name
user_name,first_name
военник,military_ticket_num
okpo,okpo
фамилияпользователя,last_name
№ Военного Билета,military_ticket_num
Given_Name,first_name
user_mail,email
серия,passport_series
ОКПО,okpo
GIVEN_NAME,first_name
complete_name,full_name
огрн,ogrn
номер-окпо,okpo
FAMILY_NAME,last_name
кпп организации,kpp
surname,last_name
Гос Номер Юрлица,ogrn
военный билет №,military_ticket_num
Person,full_name
date_of_birth,birth_date
tax_code,inn
отчество-покупателя,middle_name
EMAIL ADDRESS,email
phone,phone
Огрнип,ogrnip
work_email,email
загранпаспорт,international_passport_number
ПАСПОРТНЫЕ ДАННЫЕ,passport_number
ИМЕНА,first_name
Ogrnip_Id,ogrnip
passport num,passport_number
военный-документ,military_ticket_num
Work_Email,email
contact_name,first_name
middle_name,middle_name
госрегистрация,ogrn
загранпаспорт,international_passport_number
код причины постановки,kpp
ogrn_id,ogrn
Мilitary Id,military_ticket_num
inn_number,inn
series,passport_series
НОМЕР ОГРН,ogrn
Дата Рождения,birth_date
Налоговый Кпп,kpp
dob,birth_date
егрюлномер,ogrn
классификатор-предприятий,okpo
мобильныйтел,phone
Okpo_Org,okpo
middle,middle_name
Реестр Ип,ogrnip
фамилия,last_name
GIVEN_NAME,first_name
номер-в/б,military_ticket_num
классификаторпредприятий,okpo
Contact_Name,first_name
taxpayer_id,inn
contact email,email
Seria,passport_series
Фамилия Имя Отчество,full_name
фамилии,last_name
pension_number,snils
Мобильный Тел,phone
client,full_name
passportnum,passport_number
identification_number,inn
загран,international_passport_number
Дата Роджения,birth_date
user_name,first_name
Surname,last_name
user_middlename,middle_name
код постановки на учет,kpp
Военник,military_ticket_num
client,full_name
Given_Name,first_name
кпп-компании,kpp
login_email,email
Налоговый Кпп,kpp
егрипномер,ogrnip
телефон,phone
серия паспорта,passport_series
НОМЕР ПАСПОРТА,passport_number
почта,email
загран-номер,international_passport_number
ogrn,ogrn
ОГРН,ogrn
NUM,phone
customer_name,full_name
РЕЕСТР ИП,ogrnip
birth,birth_date
адрес почты,email
tax_code,inn
pfr,snils
Серия_Паспорта,passport_series
Тел_Клиента,phone
дата рождения,birth_date
birthdate,birth_date
код причины постановки,kpp
фамилии,last_name
passportseries,passport_series
birthdata,birth_date
PERSON_NAME,first_name
Военный Билет Серия,military_ticket_num
загранномер,international_passport_number
пенсионное_страхование,snils
contact_name,first_name
FATHERS_NAME,middle_name
family-name,last_name
ВОЕННЫЙ БИЛЕТ №,military_ticket_num
e-mail_адрес,email
birth-day,birth_date
кпп_компании,kpp
second_name,last_name
Identification_Number,inn
ИНН,inn
mobilephone,phone
Военник,military_ticket_num
identification_number,inn
пфр-номер,snils
middle,middle_name
Кпп,kpp
ОГРНИП,ogrnip
SECOND_NAME,last_name
taxpayer_id,inn
okpo_id,okpo
ogrnip_number,ogrnip
номер_огрн,ogrn
номер-огрнип,ogrnip
ФИО,full_name
Серия Паспорта,passport_series
кпп,kpp
seria,passport_series
номер паспорта заграничного,international_passport_number
LAST NAME,last_name
имена,first_name
emailaddress,email
international passport number,international_passport_number
окпо,okpo
patronymic,middle_name
СЕРИЯ НОМЕР ВОЕННОГО БИЛЕТА,military_ticket_num
identification_number,inn
номерзаграничногопаспорта,international_passport_number
ogrn_code,ogrn
complete_name,full_name
ogrnip,ogrnip
surname,last_name
мобильный_тел,phone
name,first_name
first-name,first_name
given_name,first_name
Основной Гос Номер,ogrn
Серия Паспорта,passport_series
фамилия,last_name
phone,phone
serpassport-ser,passport_series
военный билет,military_ticket_num
кппорганизации,kpp
birthday,birth_date
номерзаграничногопаспорта,international_passport_number
insurance_number,snils
СНИЛС,snils
INN,inn
fullname,full_name
Cellphone,phone
inn,inn
name,first_name
Snils_Number,snils
user_middlename,middle_name
фамилия_пользователя,last_name
общероссийский-классификатор,okpo
given_name,first_name
серия_паспорта,passport_series
series,passport_series
PASSPORT,passport_number
РЕГИСТРАЦИОННЫЙ НОМЕР,ogrn
login_email,email
user_surname,last_name
день роджения,birth_date
НОМЕР ПАСПОРТА,passport_number
Страховое Свидетельство,snils
серия,passport_series
Тел_Клиента,phone
fathers_name,middle_name
user_email,email
Регистрационный Номер Ип,ogrnip
огрн индивидуального предпринимателя,ogrnip
номер_окпо,okpo
mobile,phone
insurance_number,snils
фамилия,last_name
ogrnip_number,ogrnip
Tax,inn
имена,first_name
гос_номер_юрлица,ogrn
номер снилс,snils
ИНН,inn
НОМЕР СНИЛС,snils
Военник,military_ticket_num
okpoid,okpo
РЕГИСТРАЦИОННЫЙ НОМЕР,ogrn
клиент,full_name
др,birth_date
огрнип_ип,ogrnip
Снилс,snils
номер_телефона,phone
inn_code,inn
датарождения,birth_date
contact,phone
kpp_code,kpp
инн,inn
emailcontact,email
КЛАССИФИКАТОР ПРЕДПРИЯТИЙ,okpo
ОГРН,ogrn
dateofbirth,birth_date
seria,passport_series
огрнип,ogrnip
ФАМИЛИЯ КЛИЕНТА,last_name
FOREIGN PASSPORT NUMBER,international_passport_number
ОГРНИП,ogrnip
ВОЕН. БИЛЕТ №,military_ticket_num
second_name,last_name
Ogrnip_Code,ogrnip
Серия_Паспорта,passport_series
отчество клиента,middle_name
Ogrn_Code,ogrn
пфр,snils
загранпаспорт,international_passport_number
регистрационный номер ип,ogrnip
E-Mail,email
passport-#,passport_number
patronymic,middle_name
user_mail,email
taxid,inn
inn_number,inn
Загран,international_passport_number
код-причины-постановки,kpp
surname,last_name
tax_id,inn
день роджения,birth_date
ФАМИЛИЯ КЛИЕНТА,last_name
fullname,full_name
passport,passport_number
international_passport_number,international_passport_number
kpp_id,kpp
user_lastname,last_name
passportid,passport_number
MIDDLE NAME,middle_name
okpo,okpo
фамилияпользователя,last_name
PERSONAL_EMAIL,email
Дата Роджения,birth_date
дата_рождения,birth_date
person_name,first_name
номер снилс,snils
загран_номер,international_passport_number
intlpassport,international_passport_number
номер-огрн,ogrn
passport id,passport_number
мобильный-тел,phone
военный билет номер,military_ticket_num
Страховой Номер,snils
user_surname,last_name
middle,middle_name
электронная почта,email
pfr,snils
СНИЛС,snils
Инн_Клиента,inn
phonenumber,phone
num,phone
ФИО,full_name
fullname,full_name
кпп-юрлица,kpp
воен. билет номер,military_ticket_num
кодпричиныпостановки,kpp
Телефон,phone
passportid,passport_number
страховойномер,snils
second_name,last_name
okpoorg,okpo
военный_билет_серия,military_ticket_num
snils,snils
код_постановки_на_учет,kpp
snils,snils
last_name,last_name
ogrn,ogrn
middle,middle_name
phone_num,phone
passport_no,international_passport_number
taxpayerid,inn
okpo_number,okpo
номер_огрн,ogrn
family_name,last_name
Код Организации В Окпо,okpo
user_surname,last_name
last_name,last_name
Код Причины Постановки,kpp
инн_клиента,inn
birth_date,birth_date
date of birth,birth_date
Person,full_name
birth-date,birth_date
огрн,ogrn
birthdate,birth_date
Birth Day,birth_date
общероссийский классификатор,okpo
номер-паспорта-заграничного,international_passport_number
usermiddle,middle_name
middle,middle_name
person,full_name
PASSPORT #,passport_number
birthdata,birth_date
загранпаспорт,international_passport_number
electronic-mail,email
TAX_ID,inn
номер заграничного паспорта,international_passport_number
военник,military_ticket_num
username,first_name
КПП ЮРЛИЦА,kpp
insurance_number,snils
identification_number,inn
kpp_number,kpp
СЕРИЯ ПАСПОРТА,passport_series
гос-номер-юрлица,ogrn
ДР,birth_date
мобильный_тел,phone
SECOND_NAME,last_name
ОКПО,okpo
кпп_организации,kpp
kpp_id,kpp
номер_окпо,okpo
Client_Firstname,first_name
okpo_org,okpo
MIDDLE NAME,middle_name
passport,passport_number
client_inn,inn
ВОЕННИК НОМЕР,military_ticket_num
cellphone,phone
В/Б Номер,military_ticket_num
birthdate,birth_date
birth_date,birth_date
Phone_Number,phone
окпо,okpo
ФАМИЛИЯ КЛИЕНТА,last_name
налоговый кпп,kpp
отч,middle_name
date of birth,birth_date
серия-паспорта,passport_series
код постановки на учет,kpp
Фамилии,last_name
MOBILE_PHONE,phone
family name,last_name
кодпостановкинаучет,kpp
person_name,first_name
family name,last_name
почта,email
inn_number,inn
mobile,phone
код окпо,okpo
useremail,email
Имя_Пользователя,first_name
mail,email
Огрн Ип,ogrnip
Ogrn,ogrn
Загран Номер,international_passport_number
фамилия клиента,last_name
Электронная Почта,email
last name,last_name
кпп,kpp
mobile,phone
РЕГИСТРАЦИОННЫЙ НОМЕР,ogrn
foreign passport number,international_passport_number
ОСНОВНОЙ ГОС НОМЕР,ogrn
user_email,email
Email Клиента,email
number,phone
серия паспорта,passport_series
основнойгосномер,ogrn
TAXPAYER_ID,inn
Bdate,birth_date
снилс,snils
tax,inn
ПФР,snils
Огрн Ип,ogrnip
загран_номер,international_passport_number
OGRNIP,ogrnip
client_inn,inn
клиент,full_name
fio,full_name
birthdate,birth_date
номер военного билета,military_ticket_num
паспортные-данные,passport_number
Birth_Date,birth_date
НОМЕР ПАСПОРТА ЗАГРАНИЧНОГО,international_passport_number
person,full_name
tax_code,inn
PASSPORTID,passport_number
last name,last_name
загранпаспорт,international_passport_number
Mail,email
Serpassport Ser,passport_series
ogrn,ogrn
НОМЕР ТЕЛЕФОНА,phone
имя_клиента,first_name
tax_code,inn
full_name,full_name
классификатор предприятий,okpo
кодокпо,okpo
загранномер,international_passport_number
мобильный тел,phone
пользователь,full_name
Снилс,snils
email_адрес,email
foreign passport number,international_passport_number
окпо,okpo
номер_паспорта,passport_number
okpo_company,okpo
passport series,passport_series
военник,military_ticket_num
passportseries,passport_series
номер_загранпаспорта,international_passport_number
инн_клиента,inn
Номер Огрнип,ogrnip
Документ Военнослужащего,military_ticket_num
customer_name,full_name
email адрес,email
миддлнейм,middle_name
номер паспорта заграничного,international_passport_number
Телефон,phone
госрегистрация,ogrn
лицевойсчетпфр,snils
SECOND_NAME,last_name
МИДДЛНЕЙМ,middle_name
ОГРНИП ИП,ogrnip
Contact_Number,phone
user_middlename,middle_name
регистрационный_номер,ogrn
миддлнейм,middle_name
electronic-mail,email
Login_Email,email
Отч.,middle_name
seria,passport_series
воен.билет№,military_ticket_num
passportid,passport_number
Дата Роджения,birth_date
ПОЛЬЗОВАТЕЛЬ,full_name
second_name,last_name
номер огрнип,ogrnip
user_mail,email
Кпп,kpp
номер записи в егрюл,ogrn
ПОЛЬЗОВАТЕЛЬ,full_name
family_name,last_name
intl-passport,international_passport_number
огрн_индивидуального_предпринимателя,ogrnip
PASSPORTSERIES,passport_series
Код Постановки На Учет,kpp
bdate,birth_date
INTERNATIONAL PASSPORT NUMBER,international_passport_number
Email Адрес,email
страховое-свидетельство,snils
Тел.,phone
phone,phone
код-причины-постановки,kpp
код постановки на учет,kpp
middle_name,middle_name
пользователь,full_name
client,full_name
passportnum,passport_number
OKPO_CODE,okpo
middle-name,middle_name
кодпостановкинаучет,kpp
passportid,passport_number
personname,first_name
Номер Паспорта,passport_number
загранпаспорт,international_passport_number
passport-number,international_passport_number
имя_пользователя,first_name
user_lastname,last_name
госрегистрация,ogrn
ОГРНИП КОД,ogrnip
реестр_ип,ogrnip
серия_паспорта,passport_series
Passport #,passport_number
Код Постановки На Учет,kpp
фамилия,last_name
email_адрес,email
датароджения,birth_date
Отчество,middle_name
единый-госреестр,ogrn
серия_паспорта,passport_series
МILITARY TICKET NUMBER,military_ticket_num
inn,inn
passport-number,international_passport_number
user_middle,middle_name
passportno,passport_number
серия номер военного билета,military_ticket_num
email_клиента,email
ФИО,full_name
госрегистрация,ogrn
КПП ОРГАНИЗАЦИИ,kpp
военникномер,military_ticket_num
Отч.,middle_name
e-mail,email
СНИЛС,snils
okpo_org,okpo
seria,passport_series
СНИЛС,snils
passport_series,passport_series
name,first_name
firstname,first_name
Birthdata,birth_date
номер-снилс,snils
intl_passport,international_passport_number
ОКПО,okpo
family-name,last_name
серия_номер_военного_билета,military_ticket_num
Паспортные Данные,passport_number
Okpo_Id,okpo
номер заграничного паспорта,international_passport_number
страховоесвидетельство,snils
num,phone
mobile,phone
миддлнейм,middle_name
COMPLETE_NAME,full_name
seria,passport_series
Загран,international_passport_number
Client_Email,email
НОМЕР ПФР,snils
series,passport_series
USER_MIDDLENAME,middle_name
ogrnip_id,ogrnip
ogrn_code,ogrn
num,phone
CLIENT_TEL,phone
Кпп Юрлица,kpp
страховое_свидетельство,snils
firstname,first_name
ogrn_id,ogrn
номерпаспорта,passport_number
name,first_name
FULL,full_name
USER_MAIL,email
Client_Name,first_name
contactperson,full_name
Ogrnip_Number,ogrnip
датарождения,birth_date
passportnumber,passport_number
Клиент,full_name
адрес почты,email
кпп компании,kpp
passportseries,passport_series
ogrn,ogrn
серия_паспорта,passport_series
passport_series,passport_series
USER_EMAIL,email
PASSPORTID,passport_number
имя,first_name
passportseries,passport_series
др,birth_date
датарождения,birth_date
lastname,last_name
ФИО,full_name
кодорганизациивокпо,okpo
огрнип-код,ogrnip
ОТЧ.,middle_name
Регистрационный Номер Ип,ogrnip
огрнип код,ogrnip
номер военного билета,military_ticket_num
Имя Клиента,first_name
Phone_Num,phone
мобильный тел,phone
Электронная Почта,email
огрнип_код,ogrnip
lastname,last_name
inn_code,inn
Ogrnip_Number,ogrnip
KPP_CODE,kpp
snils,snils
Fullname,full_name
BIRTHDATA,birth_date
middle,middle_name
огрн,ogrn
мобильныйтелефон,phone
tax_code,inn
client_name,first_name
Foreign Passport Number,international_passport_number
personal_email,email
день_роджения,birth_date
passport num,passport_number
серияпаспорта,passport_series
пенсионное страхование,snils
userlastname,last_name
tax,inn
Отчество Покупателя,middle_name
имя клиента,first_name
серия,passport_series
tax_id,inn
дата_роджения,birth_date
ДАТА_РОЖДЕНИЯ,birth_date
серия,passport_series
Реестр Ип,ogrnip
номер снилс,snils
ЭЛЕКТРОННАЯ ПОЧТА,email
Номер Регистрации,ogrn
Воен. Билет №,military_ticket_num
ogrnip_number,ogrnip
CONTACT_NAME,first_name
страховоесвидетельство,snils
деньроджения,birth_date
кпп-компании,kpp
user_inn,inn
пенсионное_страхование,snils
INTERNATIONAL PASSPORT NUMBER,international_passport_number
tax,inn
кппфирмы,kpp
okpo_company,okpo
birthdata,birth_date
FULLNAME,full_name
Мобильный Телефон,phone
mobile_phone,phone
bdate,birth_date
inn_number,inn
foreignpassportnumber,international_passport_number
Фамилия-Имя-Отчество,full_name
ОБЩЕРОССИЙСКИЙ КЛАССИФИКАТОР,okpo
военник,military_ticket_num
kpp,kpp
код_причины_постановки,kpp
pensionnumber,snils
client_tel,phone
Фамилия Имя Отчество,full_name
паспортныеданные,passport_number
client,full_name
имя_пользователя,first_name
имя,first_name
СЕРИЯ,passport_series
военный документ,military_ticket_num
BIRTH,birth_date
given_name,first_name
Business_Email,email
middlename,middle_name
тел_клиента,phone
реестр ип,ogrnip
Реестр Ип,ogrnip
фамилия,last_name
given_name,first_name
MIDDLE_NAME,middle_name
firstname,first_name
номер заграничного паспорта,international_passport_number
WORK_EMAIL,email
passportno,international_passport_number
Tax_Id,inn
passportid,passport_number
номер_огрн,ogrn
middle,middle_name
номер паспорта заграничного,international_passport_number
серия-паспорта,passport_series
ОГРН ИНДИВИДУАЛЬНОГО ПРЕДПРИНИМАТЕЛЯ,ogrnip
инн,inn
birthdata,birth_date
егрип_номер,ogrnip
госномерюрлица,ogrn
Номер Записи В Егрюл,ogrn
bdate,birth_date
огрнип_код,ogrnip
email_клиента,email
contact-email,email
customer_name,full_name
client_email,email
общероссийский классификатор,okpo
номер-записи-в-егрюл,ogrn
серия и номер паспорта,passport_number
номер записи в егрюл,ogrn
Okpo_Number,okpo
Кпп Фирмы,kpp
номерпаспортазаграничного,international_passport_number
Business_Email,email
Загранпаспорт,international_passport_number
регистрационный-номер,ogrn
GIVEN_NAME,first_name
имя_пользователя,first_name
единый-госреестр,ogrn
воен. билет номер,military_ticket_num
passportid,passport_number
СНИЛС,snils
огрниндивидуальногопредпринимателя,ogrnip
фамилия,last_name
inn_number,inn
Okpo_Code,okpo
номер-военбилета,military_ticket_num
кпп,kpp
firstname,first_name
реестр-ип,ogrnip
мобильныйтел,phone
username,first_name
FIRSTNAME,first_name
clientinn,inn
serpassportser,passport_series
inn_number,inn
Inn_Number,inn
full_name,full_name
Passport_No,passport_number
inn_number,inn
ogrnip,ogrnip
Passport No,international_passport_number
дата рождения,birth_date
Kpp,kpp
passport_id,passport_number
okpo_company,okpo
день рождения,birth_date
загран номер,international_passport_number
MIDDLE_NAME,middle_name
birthdate,birth_date
номеррегистрации,ogrn
patronymic,middle_name
client_inn,inn
серияпаспорта,passport_series
ПФР,snils
классификаторпредприятий,okpo
last_name,last_name
инн,inn
КПП,kpp
seria,passport_series
кпп,kpp
Tel,phone
contact,phone
фамилия,last_name
Военный Билет Серия,military_ticket_num
ОКПО,okpo
фио,full_name
МОБИЛЬНЫЙ ТЕЛЕФОН,phone
реестр ип,ogrnip
passport#,passport_number
отч,middle_name
user_surname,last_name
PASSPORTSERIES,passport_series
мобильный_тел,phone
intl_passport,international_passport_number
КПП,kpp
email,email
военный билет №,military_ticket_num
user_lastname,last_name
номер_паспорта_заграничного,international_passport_number
business_email,email
OKPO_COMPANY,okpo
series,passport_series
мобильный телефон,phone
Код Организации В Окпо,okpo
seria,passport_series
номер-воен.-билета,military_ticket_num
Okpo_Id,okpo
kpp,kpp
имена,first_name
фамилия_пользователя,last_name
СЕРИЯ,passport_series
пенсионное страхование,snils
client,full_name
ТЕЛ.,phone
mobile_phone,phone
lastname,last_name
e-mail,email
Кпп Фирмы,kpp
дата_рождения,birth_date
passport series,passport_series
дата_роджения,birth_date
workemail,email
НОМЕР ПФР,snils
егрип номер,ogrnip
военный документ,military_ticket_num
ogrn,ogrn
загран номер,international_passport_number
мilitary_ticket_number,military_ticket_num
страховое-свидетельство,snils
kpp_number,kpp
International Passport Number,international_passport_number
кпп организации,kpp
electronic-mail,email
номер заграничного паспорта,international_passport_number
USER_LASTNAME,last_name
ogrn,ogrn
имя клиента,first_name
client_name,first_name
кпп_организации,kpp
РЕГИСТРАЦИОННЫЙ НОМЕР,ogrn
num,phone
Мобильный телефон,phone
okpo_number,okpo
в/б номер,military_ticket_num
военбилет,military_ticket_num
Огрнип,ogrnip
birth,birth_date
паспортные_данные,passport_number
identification_number,inn
Serpassport Ser,passport_series
Загран,international_passport_number
email address,email
taxcode,inn
whatsapp,phone
Series,passport_series
СНИЛС,snils
BIRTH DATE,birth_date
Фамилия_Имя_Отчество,full_name
Client_Inn,inn
user_email,email
Причина Постановки,kpp
Тел.,phone
отч,middle_name
Ogrnip_Number,ogrnip
Огрнип,ogrnip
миддлнейм,middle_name
birth_date,birth_date
отчество_покупателя,middle_name
кпп-компании,kpp
BIRTHDATA,birth_date
passportseries,passport_series
passport_number,international_passport_number
fio,full_name
загран,international_passport_number
ОГРНИП,ogrnip
СЕРИЯ_ПАСПОРТА,passport_series
огрн_ип,ogrnip
налоговый кпп,kpp
окпо,okpo
фамилии,last_name
деньроджения,birth_date
patronymic,middle_name
ФАМИЛИЯ ИМЯ ОТЧЕСТВО,full_name
серияпаспорта,passport_series
загран,international_passport_number
кпп_фирмы,kpp
passportid,passport_number
день роджения,birth_date
fullname,full_name
user_inn,inn
Date Of Birth,birth_date
загран,international_passport_number
ogrnipid,ogrnip
INSURANCE_NUMBER,snils
КПП,kpp
огрнип,ogrnip
insurance_number,snils
Причина Постановки,kpp
passportseries,passport_series
FULLNAME,full_name
ogrn_id,ogrn
СТРАХОВОЕ СВИДЕТЕЛЬСТВО,snils
ogrnip,ogrnip
единыйгосреестр,ogrn
personal_email,email
family name,last_name
номер военбилета,military_ticket_num
Номер_Паспорта,passport_number
ЕДИНЫЙ ГОСРЕЕСТР,ogrn
отчество_покупателя,middle_name
номерзаграничногопаспорта,international_passport_number
email,email
birth_day,birth_date
Ogrnip_Number,ogrnip
ELECTRONIC MAIL,email
Name,first_name
kpp_code,kpp
военный_билет_серия_номер,military_ticket_num
serpassport ser,passport_series
CONTACT EMAIL,email
seria,passport_series
OGRNIP_CODE,ogrnip
first name,first_name
name,first_name
лицевой счет пфр,snils
основной_гос_номер,ogrn
страховой_номер,snils
Passport #,passport_number
ИМЯ,first_name
series,passport_series
НОМЕР ОКПО,okpo
отчество,middle_name
Passport_Series,passport_series
Full,full_name
Pfr,snils
телефон,phone
user_surname,last_name
birth,birth_date
Passport Num,passport_number
snils,snils
ogrnip,ogrnip
Военник,military_ticket_num
OKPO,okpo
тел_клиента,phone
CLIENT_NAME,first_name
middle_name,middle_name
ЗАГРАН НОМЕР,international_passport_number
USER_INN,inn
СЕРИЯ,passport_series
Kpp_Code,kpp
tax_id,inn
work_email,email
Регистрационный Номер Ип,ogrnip
номер воен. билета,military_ticket_num
номер загранпаспорта,international_passport_number
номер загранпаспорта,international_passport_number
dateofbirth,birth_date
phone_num,phone
user_middle,middle_name
user_middlename,middle_name
EMAIL ADDRESS,email
intl passport,international_passport_number
Customer_Name,full_name
internationalpassportnumber,international_passport_number
passport-id,passport_number
Ogrn,ogrn
МILITARY TICKET NUMBER,military_ticket_num
НОМЕР СНИЛС,snils
user_email,email
окпо,okpo
email_contact,email
Foreign Passport Number,international_passport_number
tax_number,inn
воен.-билет-номер,military_ticket_num
Email_Contact,email
СЕРИЯ_ПАСПОРТА,passport_series
СЕРИЯ ПАСПОРТА,passport_series
full_name,full_name
Mobile,phone
inn,inn
ogrnipnumber,ogrnip
Военбилет,military_ticket_num
firstname,first_name
ОТЧЕСТВО ПОКУПАТЕЛЯ,middle_name
серия,passport_series
номер_записи_в_егрип,ogrnip
mobile_phone,phone
СНИЛС,snils
регистрационный-номер,ogrn
пенсионное-страхование,snils
Middle,middle_name
username,first_name
кпп_организации,kpp
мilitary ticket number,military_ticket_num
СЕРИЯ НОМЕР ВОЕННОГО БИЛЕТА,military_ticket_num
contact_person,full_name
почта,email
Налоговый Кпп,kpp
passport number,passport_number
отч,middle_name
firstname,first_name
passport-number,international_passport_number
usermiddle,middle_name
имена,first_name
огрн,ogrn
егрипномер,ogrnip
passport-series,passport_series
паспортные_данные,passport_number
series,passport_series
USER_NAME,first_name
код окпо,okpo
почта,email
военный_билет,military_ticket_num
passport num,passport_number
огрнип,ogrnip
User_Middle,middle_name
инн,inn
серия_паспорта,passport_series
contact email,email
КПП,kpp
snils_number,snils
номерв/б,military_ticket_num
загран,international_passport_number
passport_no,passport_number
passport series,passport_series
client_tel,phone
business_email,email
общероссийский классификатор,okpo
IDENTIFICATION_NUMBER,inn
страховойномер,snils
кпп-организации,kpp
contact,phone
ВОЕННЫЙ БИЛЕТ НОМЕР,military_ticket_num
МОБИЛЬНЫЙ ТЕЛЕФОН,phone
passport num,passport_number
код организации в окпо,okpo
surname,last_name
Client_Name,first_name
гос_номер_юрлица,ogrn
dob,birth_date
имя,first_name
кодокпо,okpo
SERIES,passport_series
серия_паспорта,passport_series
foreign-passport-number,international_passport_number
клиент,full_name
имя_клиента,first_name
okpoorg,okpo
билет военный,military_ticket_num
номер-заграничного-паспорта,international_passport_number
военный билет номер,military_ticket_num
кппюрлица,kpp
loginemail,email
имена,first_name
егрип_номер,ogrnip
SERIA,passport_series
Единый Госреестр,ogrn
fullname,full_name
Фамилия_Имя_Отчество,full_name
user_phone,phone
contact_name,first_name
пенсионноестрахование,snils
серия-номер-военного-билета,military_ticket_num
username,first_name
taxpayerid,inn
номер-паспорта,passport_number
date of birth,birth_date
причина постановки,kpp
email,email
kpp,kpp
username,first_name
NAME,first_name
регистрационный-номер-ип,ogrnip
okpo_code,okpo
ФАМИЛИЯ,last_name
Загран,international_passport_number
кпп юрлица,kpp
серия-номер-военного-билета,military_ticket_num
userlastname,last_name
passport-number,passport_number
фамилия,last_name
snils,snils
user_name,first_name
surname,last_name
Отч.,middle_name
client,full_name
Отч.,middle_name
birth,birth_date
OKPO_CODE,okpo
e-mail адрес,email
given_name,first_name
email_пользователя,email
код окпо,okpo
огрн_ип,ogrnip
bdate,birth_date
ОГРНИП ИП,ogrnip
ogrnid,ogrn
снилс,snils
огрн,ogrn
SERPASSPORT SER,passport_series
FOREIGN PASSPORT NUMBER,international_passport_number
TAX_CODE,inn
FULL,full_name
contact_name,first_name
серия,passport_series
номер военника,military_ticket_num
birthdata,birth_date
ogrn_number,ogrn
гос_номер_юрлица,ogrn
Пользователь,full_name
okpo_id,okpo
okponumber,okpo
кпп компании,kpp
ogrn_id,ogrn
PATRONYMIC,middle_name
др,birth_date
ogrnip,ogrnip
воен. билет,military_ticket_num
PASSPORT,passport_number
Okpo_Number,okpo
middle name,middle_name
ОГРНИП,ogrnip
business_email,email
ВОЕННЫЙ БИЛЕТ НОМЕР,military_ticket_num
patronymic,middle_name
отчество,middle_name
фамилия_пользователя,last_name
Full_Name,full_name
full_name,full_name
PASSPORT SERIES,passport_series
ogrnip_number,ogrnip
middle,middle_name
Passportseries,passport_series
Person,full_name
international_passport_number,international_passport_number
OKPO_ID,okpo
login_email,email
страховой номер,snils
okpo_id,okpo
Foreign Passport Number,international_passport_number
имя,first_name
email адрес,email
Inn,inn
снилс,snils
pension_number,snils
Phone,phone
имя_пользователя,first_name
кппюрлица,kpp
passport-#,passport_number
middle_name,middle_name
serpassportser,passport_series
номер военника,military_ticket_num
загран,international_passport_number
серия паспорта,passport_series
SERPASSPORT SER,passport_series
дата роджения,birth_date
fio,full_name
Мобильный-телефон,phone
PASSPORT SERIES,passport_series
пользователь,full_name
серия_паспорта,passport_series
Окпо,okpo
НОМЕР ЗАПИСИ В ЕГРЮЛ,ogrn
страховой номер,snils
огрн,ogrn
мilitary-ID,military_ticket_num
паспорт,passport_number
Огрн,ogrn
Contact_Person,full_name
username,first_name
identification_number,inn
снилс,snils
kpp,kpp
номер_загранпаспорта,international_passport_number
пользователь,full_name
номер_в/б,military_ticket_num
snilsnumber,snils
серия,passport_series
taxnumber,inn
Снилс,snils
кпп,kpp
pension_number,snils
СНИЛС,snils
документ-военнослужащего,military_ticket_num
insurance_number,snils
СНИЛС,snils
PERSONAL_EMAIL,email
номер_снилс,snils
Passport,passport_number
second_name,last_name
в/б номер,military_ticket_num
регистрационныйномерип,ogrnip
реестрип,ogrnip
client_firstname,first_name
огрн-индивидуального-предпринимателя,ogrnip
series,passport_series
Военник,military_ticket_num
Birthdate,birth_date
Last Name,last_name
person_name,first_name
patronymic,middle_name
insurance_number,snils
ogrnnumber,ogrn
OGRNIP_CODE,ogrnip
series,passport_series
TAX,inn
user_surname,last_name
билетвоенный,military_ticket_num
pension_number,snils
огрнип,ogrnip
гос_номер_юрлица,ogrn
мобильныйтел,phone
Пфр,snils
phone_number,phone
login_email,email
birthday,birth_date
серия,passport_series
Серия Паспорта,passport_series
OGRNIP_ID,ogrnip
surname,last_name
middle_name,middle_name
КПП КОМПАНИИ,kpp
пфр,snils
СНИЛС,snils
Intl Passport,international_passport_number
inn_code,inn
серия_паспорта,passport_series
загран_номер,international_passport_number
ogrnip_number,ogrnip
EMAIL_АДРЕС,email
паспорт,passport_number
inn_number,inn
ЗАГРАН НОМЕР,international_passport_number
email,email
паспортные данные,passport_number
кпп_юрлица,kpp
номер_военника,military_ticket_num
код причины постановки,kpp
lastname,last_name
BIRTH_DATE,birth_date
dateofbirth,birth_date
identification_number,inn
паспортные данные,passport_number
INTERNATIONAL PASSPORT NUMBER,international_passport_number
Отч.,middle_name
client_tel,phone
классификатор предприятий,okpo
номер_военного_билета,military_ticket_num
kpp_number,kpp
family_name,last_name
ПРИЧИНА ПОСТАНОВКИ,kpp
ГОС НОМЕР ЮРЛИЦА,ogrn
ОГРНИП,ogrnip
Дата Рождения,birth_date
НОМЕР ОГРНИП,ogrnip
Taxpayer_Id,inn
код_окпо,okpo
user_surname,last_name
деньрождения,birth_date
ogrnip,ogrnip
ogrnip,ogrnip
Имя_Пользователя,first_name
фамилия_пользователя,last_name
passport_#,passport_number
Дата Рождения,birth_date
Мобильный_телефон,phone
имяклиента,first_name
код причины постановки,kpp
KPP,kpp
огрнипкод,ogrnip
middle,middle_name
Seria,passport_series
загран номер,international_passport_number
НОМЕР ЗАГРАНИЧНОГО ПАСПОРТА,international_passport_number
ГОС НОМЕР ЮРЛИЦА,ogrn
Birthdate,birth_date
окпо,okpo
inn,inn
inn,inn
кпп-юрлица,kpp
User_Lastname,last_name
паспорт,passport_number
код_окпо,okpo
email-address,email
middle,middle_name
клиент,full_name
АДРЕС ПОЧТЫ,email
Страховое Свидетельство,snils
email address,email
отчество покупателя,middle_name
passport series,passport_series
okpo_id,okpo
birthday,birth_date
дата_рождения,birth_date
Ogrnip_Number,ogrnip
СЕРИЯ ПАСПОРТА,passport_series
имена,first_name
воен.-билет-№,military_ticket_num
name,first_name
FAMILY,last_name
PASSPORT_NO,passport_number
passport_num,passport_number
DATEOFBIRTH,birth_date
PATRONYMIC,middle_name
гос номер юрлица,ogrn
загран_номер,international_passport_number
contact_name,first_name
taxpayer_id,inn
номер-военного-билета,military_ticket_num
Client_Name,first_name
фамилия,last_name
snils_number,snils
серия_паспорта,passport_series
EMAIL_CONTACT,email
регистрационный_номер,ogrn
код окпо,okpo
passport_#,passport_number
insurance_number,snils
номерснилс,snils
inn_code,inn
FULL_NAME,full_name
middle,middle_name
email_contact,email
пфр_номер,snils
Номер Огрн,ogrn
НОМЕР ПАСПОРТА,passport_number
full_name,full_name
реестр_ип,ogrnip
день рождения,birth_date
Огрн,ogrn
ОТЧЕСТВО КЛИЕНТА,middle_name
kppcode,kpp
номер окпо,okpo
огрн ип,ogrnip
intlpassport,international_passport_number
огрнип_ип,ogrnip
Номер_Паспорта,passport_number
Загран Номер,international_passport_number
Фамилия Имя Отчество,full_name
кпп_организации,kpp
SERIA,passport_series
phone_num,phone
business_email,email
Миддлнейм,middle_name
clientemail,email
okpo_company,okpo
ogrnip,ogrnip
номер записи в егрюл,ogrn
паспортные данные,passport_number
ogrnip_code,ogrnip
код причины постановки,kpp
НОМЕР В/Б,military_ticket_num
snils_number,snils
Серия_Паспорта,passport_series
kpp_number,kpp
inn_code,inn
отчество,middle_name
датароджения,birth_date
CONTACT EMAIL,email
date of birth,birth_date
Dob,birth_date
tax_number,inn
военный билет №,military_ticket_num
MIDDLE_NAME,middle_name
загранномер,international_passport_number
given_name,first_name
passport id,passport_number
kpp_number,kpp
загранномер,international_passport_number
Отчество_клиента,middle_name
номер-заграничного-паспорта,international_passport_number
client_email,email
user_lastname,last_name
Cellphone,phone
Огрнип Ип,ogrnip
Insurance_Number,snils
passport-number,passport_number
номер воен. билета,military_ticket_num
electronic_mail,email
client,full_name
kpp,kpp
день_рождения,birth_date
electronic-mail,email
serpassport_ser,passport_series
ПАСПОРТНЫЕ ДАННЫЕ,passport_number
TAX_CODE,inn
Contact_Person,full_name
КЛИЕНТ,full_name
кодпричиныпостановки,kpp
personal_email,email
паспорт,passport_number
phone_number,phone
имя,first_name
серия и номер паспорта,passport_number
Passport Number,international_passport_number
МОБИЛЬНЫЙ ТЕЛ,phone
emailадрес,email
series,passport_series
день-роджения,birth_date
client,full_name
день роджения,birth_date
страховой номер,snils
OGRNIP_CODE,ogrnip
phone,phone
код окпо,okpo
пфр,snils
номер записи в егрип,ogrnip
Passport #,passport_number
НОМЕР ПФР,snils
SECOND_NAME,last_name
DATEOFBIRTH,birth_date
СЕРИЯ НОМЕР ВОЕННОГО БИЛЕТА,military_ticket_num
Мобильный_телефон,phone
отчество,middle_name
кпп,kpp
first_name,first_name
Военный Билет Номер,military_ticket_num
номер_записи_в_егрюл,ogrn
огрнип-ип,ogrnip
НОМЕР ЗАГРАНПАСПОРТА,international_passport_number
Full_Name,full_name
kpp_code,kpp
огрнип,ogrnip
кодпостановкинаучет,kpp
телефон,phone
contact,phone
email_пользователя,email
Мобильный телефон,phone
огрнип код,ogrnip
номерогрнип,ogrnip
okpo_id,okpo
номерзаписивегрип,ogrnip
birth day,birth_date
GIVEN_NAME,first_name
user_middle,middle_name
окпо,okpo
серия_паспорта,passport_series
passport-#,passport_number
insurance_number,snils
phone_number,phone
name,first_name
foreign-passport-number,international_passport_number
okpo_code,okpo
bdate,birth_date
inn,inn
family_name,last_name
День Рождения,birth_date
family_name,last_name
номер_заграничного_паспорта,international_passport_number
PASSPORT NO,international_passport_number
кпп юрлица,kpp
passport_no,passport_number
Код Постановки На Учет,kpp
серияномервоенногобилета,military_ticket_num
Военный Билет Номер,military_ticket_num
классификатор предприятий,okpo
foreign_passport_number,international_passport_number
номер_паспорта,passport_number
passport id,passport_number
okpo,okpo
passportid,passport_number
Мобильный Тел,phone
passport_series,passport_series
военный_билет,military_ticket_num
username,first_name
contact_name,first_name
date of birth,birth_date
ФАМИЛИИ,last_name
код_постановки_на_учет,kpp
кпп,kpp
pensionnumber,snils
Name,first_name
birthdate,birth_date
Серия_Паспорта,passport_series
инн,inn
иннклиента,inn
passport_no,international_passport_number
birthdate,birth_date
contact_number,phone
воен.билетномер,military_ticket_num
ogrn_id,ogrn
series,passport_series
номерпаспортазаграничного,international_passport_number
fullname,full_name
passport series,passport_series
User_Middle,middle_name
военный документ,military_ticket_num
Given_Name,first_name
ОГРН,ogrn
passport_num,passport_number
загран номер,international_passport_number
OGRNIP_ID,ogrnip
CLIENT_FIRSTNAME,first_name
mobile,phone
код_организации_в_окпо,okpo
passport_series,passport_series
OKPO_ORG,okpo
ФИО,full_name
FIRSTNAME,first_name
Kpp_Number,kpp
документ-военнослужащего,military_ticket_num
отчество_покупателя,middle_name
num,phone
firstname,first_name
seria,passport_series
паспортные_данные,passport_number
taxpayerid,inn
серия,passport_series
окпо,okpo
email пользователя,email
okponumber,okpo
user_email,email
Client_Email,email
отчество покупателя,middle_name
PHONE,phone
OGRN_NUMBER,ogrn
user_surname,last_name
день-роджения,birth_date
огрнипип,ogrnip
номерогрн,ogrn
E-MAIL АДРЕС,email
фамилия,last_name
военный_документ,military_ticket_num
регистрационный номер ип,ogrnip
KPP_NUMBER,kpp
НОМЕР ВОЕН. БИЛЕТА,military_ticket_num
военный документ,military_ticket_num
serpassport ser,passport_series
огрнип,ogrnip
Номер Загранпаспорта,international_passport_number
kpp,kpp
Военный Билет Серия,military_ticket_num
гос-номер-юрлица,ogrn
пенсионное-страхование,snils
№ Военного Билета,military_ticket_num
датарождения,birth_date
снилс,snils
client_email,email
госрегистрация,ogrn
ПФР НОМЕР,snils
окпо,okpo
inn_number,inn
fio,full_name
user_inn,inn
email_клиента,email
МОБИЛЬНЫЙ ТЕЛЕФОН,phone
passport-number,passport_number
окпо,okpo
егрип номер,ogrnip
tax_id,inn
номер-регистрации,ogrn
passport_num,passport_number
Num,phone
username,first_name
given_name,first_name
CONTACT,phone
Passportseries,passport_series
огрн,ogrn
Фио,full_name
ДАТАРОЖДЕНИЯ,birth_date
фамилия,last_name
СНИЛС,snils
surname,last_name
госрегистрация,ogrn
общероссийский-классификатор,okpo
Огрнип Код,ogrnip
user_surname,last_name
регистрационныйномер,ogrn
ЗАГРАН НОМЕР,international_passport_number
email_address,email
PASSPORT SERIES,passport_series
Passport Number,passport_number
фио,full_name
birthdate,birth_date
Инн,inn
Окпо,okpo
usermiddle,middle_name
Фамилия_Имя_Отчество,full_name
series,passport_series
dateofbirth,birth_date
загран,international_passport_number
family,last_name
fullname,full_name
Passportseries,passport_series
DATEOFBIRTH,birth_date
ПЕНСИОННОЕ СТРАХОВАНИЕ,snils
usermiddlename,middle_name
contact,phone
user_email,email
пфр номер,snils
номерпфр,snils
фамилия,last_name
Отчество,middle_name
номер_паспорта,passport_number
телефон,phone
fio,full_name
егрип_номер,ogrnip
passport-number,passport_number
Inn_Number,inn
KPP,kpp
family_name,last_name
client_tel,phone
регистрационныйномерип,ogrnip
адрес почты,email
passportseries,passport_series
КЛАССИФИКАТОР ПРЕДПРИЯТИЙ,okpo
номер телефона,phone
кппюрлица,kpp
миддлнейм,middle_name
кпп,kpp
Военный Билет,military_ticket_num
mail,email
паспортные-данные,passport_number
ОГРНИП,ogrnip
Инн,inn
user_middle,middle_name
огрнип,ogrnip
kpp_id,kpp
last name,last_name
birthdate,birth_date
passport_series,passport_series
PATRONYMIC,middle_name
client,full_name
given_name,first_name
ogrnip,ogrnip
код_причины_постановки,kpp
birthdate,birth_date
birth_date,birth_date
серия,passport_series
Гос Номер Юрлица,ogrn
User_Surname,last_name
contactname,first_name
birth day,birth_date
фио,full_name
фамилия клиента,last_name
ogrnip_number,ogrnip
кпп,kpp
мilitaryid,military_ticket_num
кпп организации,kpp
Загран,international_passport_number
имя,first_name
USER_SURNAME,last_name
Customer_Name,full_name
Серия Номер Военного Билета,military_ticket_num
отч,middle_name
phone_num,phone
bdate,birth_date
tel,phone
username,first_name
снилс,snils
военный билет,military_ticket_num
номер-военбилета,military_ticket_num
реестрип,ogrnip
Family,last_name
family_name,last_name
user_middlename,middle_name
IDENTIFICATION_NUMBER,inn
миддлнейм,middle_name
okpo,okpo
военныйбилетсерия,military_ticket_num
номерогрн,ogrn
номер паспорта,passport_number
номер-огрн,ogrn
user_phone,phone
foreign passport number,international_passport_number
воен.-билет,military_ticket_num
ogrn_id,ogrn
ФИО,full_name
bdate,birth_date
КОД ОКПО,okpo
пфр номер,snils
Full_Name,full_name
fullname,full_name
ПАСПОРТНЫЕ ДАННЫЕ,passport_number
Inn_Number,inn
датарождения,birth_date
username,first_name
день-роджения,birth_date
email_адрес,email
кпп организации,kpp
Full_Name,full_name
ogrn,ogrn
ИМЕНА,first_name
миддлнейм,middle_name
INSURANCE_NUMBER,snils
Contact_Person,full_name
общероссийскийклассификатор,okpo
client_name,first_name
okpo_id,okpo
user_surname,last_name
отч,middle_name
okpocode,okpo
регистрационный_номер,ogrn
код_причины_постановки,kpp
воен.билет№,military_ticket_num
огрн,ogrn
Серия_Паспорта,passport_series
mail,email
Номер Снилс,snils
номер_огрнип,ogrnip
Okpo,okpo
KPP,kpp
First Name,first_name
причина постановки,kpp
OGRN_NUMBER,ogrn
огрн_индивидуального_предпринимателя,ogrnip
СЕРИЯ НОМЕР ВОЕННОГО БИЛЕТА,military_ticket_num
series,passport_series
НОМЕР ПФР,snils
passport-series,passport_series
passportseries,passport_series
username,first_name
Номер Заграничного Паспорта,international_passport_number
классификатор предприятий,okpo
serpassport ser,passport_series
PASSPORT NO,international_passport_number
Окпо,okpo
Отч.,middle_name
okpo_company,okpo
загран номер,international_passport_number
Огрн Индивидуального Предпринимателя,ogrnip
имя_пользователя,first_name
номерпаспорта,passport_number
okpo_org,okpo
Email Address,email
серия_паспорта,passport_series
ВОЕННИК НОМЕР,military_ticket_num
воен.-билет-номер,military_ticket_num
Кпп Организации,kpp
ВОЕН. БИЛЕТ №,military_ticket_num
PASSPORT,passport_number
кппюрлица,kpp
series,passport_series
страховое-свидетельство,snils
birth,birth_date
общероссийский-классификатор,okpo
middle-name,middle_name
НОМЕР ЗАГРАНИЧНОГО ПАСПОРТА,international_passport_number
Налоговый Кпп,kpp
business_email,email
fullname,full_name
snils_number,snils
passportid,passport_number
usermiddlename,middle_name
инн,inn
телефон,phone
ОТЧЕСТВО ПОКУПАТЕЛЯ,middle_name
ЗАГРАН НОМЕР,international_passport_number
паспорт,passport_number
кодпричиныпостановки,kpp
фамилия-клиента,last_name
User_Inn,inn
passport_no,passport_number
ogrn,ogrn
full,full_name
имя клиента,first_name
кпп-фирмы,kpp
кпп юрлица,kpp
okpo_org,okpo
middle,middle_name
Мобильный_телефон,phone
Client_Tel,phone
Имя,first_name
internationalpassportnumber,international_passport_number
датарождения,birth_date
USER_MIDDLENAME,middle_name
full,full_name
военный-билет-серия,military_ticket_num
Др,birth_date
full_name,full_name
USER_INN,inn
Phone_Number,phone
Tax,inn
dob,birth_date
мilitary_ticket_number,military_ticket_num
классификатор предприятий,okpo
passport num,passport_number
international-passport-number,international_passport_number
снилс,snils
Patronymic,middle_name
загранпаспорт,international_passport_number
фамилии,last_name
okpo_org,okpo
день-рождения,birth_date
паспортные-данные,passport_number
причина_постановки,kpp
Okpo_Org,okpo
окпо,okpo
кпп юрлица,kpp
серия_паспорта,passport_series
dateofbirth,birth_date
КОД ПОСТАНОВКИ НА УЧЕТ,kpp
kpp_id,kpp
SNILS_NUMBER,snils
birthdate,birth_date
номер-записи-в-егрюл,ogrn
Series,passport_series
passport_series,passport_series
серия_паспорта,passport_series
emailaddress,email
COMPLETE_NAME,full_name
mobile_phone,phone
Имя,first_name
Mobile,phone
единый госреестр,ogrn
лицевой счет пфр,snils
first name,first_name
passportseries,passport_series
contact_person,full_name
серия_паспорта,passport_series
Налоговый Кпп,kpp
номер_паспорта,passport_number
инн_клиента,inn
ogrnnumber,ogrn
имяклиента,first_name
пенсионное страхование,snils
фамилии,last_name
ogrn_code,ogrn
НОМЕР ВОЕНБИЛЕТА,military_ticket_num
complete_name,full_name
Фамилия-Имя-Отчество,full_name
военный билет №,military_ticket_num
family-name,last_name
full_name,full_name
отчество,middle_name
Ogrnip_Code,ogrnip
номер паспорта,passport_number
код постановки на учет,kpp
Лицевой Счет Пфр,snils
phonenum,phone
снилс,snils
family_name,last_name
фамилия,last_name
birthdata,birth_date
useremail,email
Номер Окпо,okpo
ogrnipcode,ogrnip
num,phone
Воен. Билет №,military_ticket_num
login_email,email
kpp_number,kpp
огрнип,ogrnip
givenname,first_name
user_phone,phone
lastname,last_name
ЕДИНЫЙ ГОСРЕЕСТР,ogrn
страховое-свидетельство,snils
почта,email
Ogrnip,ogrnip
snils_number,snils
CLIENT_FIRSTNAME,first_name
ОБЩЕРОССИЙСКИЙ КЛАССИФИКАТОР,okpo
person,full_name
contact_number,phone
Номер Окпо,okpo
Номер_Паспорта,passport_number
гос номер юрлица,ogrn
PFR,snils
Загранпаспорт,international_passport_number
серия_паспорта,passport_series
birth_date,birth_date
загранпаспорт,international_passport_number
номер паспорта заграничного,international_passport_number
lastname,last_name
surname,last_name
день рождения,birth_date
snils_number,snils
огрнип_ип,ogrnip
Passportid,passport_number
НОМЕР_ПАСПОРТА,passport_number
отчество,middle_name
surname,last_name
кпп_юрлица,kpp
ЗАГРАН НОМЕР,international_passport_number
основной гос номер,ogrn
username,first_name
СТРАХОВОЕ СВИДЕТЕЛЬСТВО,snils
ВОЕННЫЙ БИЛЕТ,military_ticket_num
tax_code,inn
кпп,kpp
okpo_org,okpo
Номер Паспорта Заграничного,international_passport_number
Серия И Номер Паспорта,passport_number
USER_MAIL,email
День Роджения,birth_date
Okpo_Org,okpo
ОТЧЕСТВО КЛИЕНТА,middle_name
user_name,first_name
Work_Email,email
cellphone,phone
inn,inn
страховое-свидетельство,snils
серия и номер паспорта,passport_number
family_name,last_name
login_email,email
номер записи в егрип,ogrnip
Номер Пфр,snils
contact,phone
СЕРИЯ И НОМЕР ПАСПОРТА,passport_number
Family Name,last_name
кпп,kpp
фамилия клиента,last_name
birth_date,birth_date
ogrn_number,ogrn
номерзаписивегрюл,ogrn
serpassportser,passport_series
passportnumber,passport_number
contactname,first_name
okpo_org,okpo
patronymic,middle_name
налоговый кпп,kpp
KPP,kpp
FOREIGN PASSPORT NUMBER,international_passport_number
код_причины_постановки,kpp
загранпаспорт,international_passport_number
full_name,full_name
имя,first_name
Гос Номер Юрлица,ogrn
госрегистрация,ogrn
Client_Name,first_name
НОМЕР ПФР,snils
код_окпо,okpo
user_phone,phone
Отч,middle_name
middle_name,middle_name
contactperson,full_name
Inn_Code,inn
client_name,first_name
EMAIL_АДРЕС,email
регистрационный_номер,ogrn
налоговый-кпп,kpp
user_middle,middle_name
second_name,last_name
client_inn,inn
passport series,passport_series
документ-военнослужащего,military_ticket_num
кпп-организации,kpp
НОМЕР_ПАСПОРТА,passport_number
ogrnip_id,ogrnip
ИНН_КЛИЕНТА,inn
дата_рождения,birth_date
Номер Телефона,phone
person_name,first_name
emailадрес,email
phonenumber,phone
number,phone
мобильный тел,phone
firstname,first_name
Пользователь,full_name
телефон,phone
surname,last_name
ПФР,snils
инн_клиента,inn
гос_номер_юрлица,ogrn
паспорт,passport_number
фио,full_name
client_inn,inn
тел.,phone
номер_загранпаспорта,international_passport_number
user_lastname,last_name
BIRTHDATA,birth_date
дата_рождения,birth_date
CLIENT_TEL,phone
РЕЕСТР ИП,ogrnip
Кпп Юрлица,kpp
номер-регистрации,ogrn
tax,inn
Mobile_Phone,phone
ЗАГРАН,international_passport_number
Full,full_name
PASSPORT #,passport_number
отч,middle_name
tax_number,inn
kpp_code,kpp
номер телефона,phone
регистрационный-номер-ип,ogrnip
серия_паспорта,passport_series
КПП КОМПАНИИ,kpp
date-of-birth,birth_date
Passport,passport_number
огрнипкод,ogrnip
ogrn_number,ogrn
birthdata,birth_date
регистрационный_номер,ogrn
MIDDLE NAME,middle_name
серияиномерпаспорта,passport_number
Passportseries,passport_series
Taxpayer_Id,inn
Имена,first_name
серия-паспорта,passport_series
Email Адрес,email
PASSPORTSERIES,passport_series
e-mail_адрес,email
номер-заграничного-паспорта,international_passport_number
e-mail,email
foreignpassportnumber,international_passport_number
отчество_покупателя,middle_name
РЕГИСТРАЦИОННЫЙ НОМЕР,ogrn
паспортные данные,passport_number
огрн,ogrn
ЕГРЮЛ НОМЕР,ogrn
причинапостановки,kpp
кпп_фирмы,kpp
okpo_code,okpo
passportnum,passport_number
Ogrn_Id,ogrn
FULL_NAME,full_name
регистрационный номер ип,ogrnip
военный билет серия,military_ticket_num
Seria,passport_series
ogrnip,ogrnip
passportid,passport_number
Инн,inn
паспортныеданные,passport_number
seria,passport_series
Client_Name,first_name
огрнип ип,ogrnip
Мilitary Ticket Number,military_ticket_num
имена,first_name
dateofbirth,birth_date
series,passport_series
загранпаспорт,international_passport_number
номер-паспорта-заграничного,international_passport_number
день-роджения,birth_date
Contact_Number,phone
Intl Passport,international_passport_number
num,phone
international passport number,international_passport_number
user_middlename,middle_name
Номер Огрн,ogrn
ogrnipnumber,ogrnip
АДРЕС ПОЧТЫ,email
НОМЕР ОКПО,okpo
номервоенника,military_ticket_num
огрнип,ogrnip
intl passport,international_passport_number
клиент,full_name
снилс,snils
lastname,last_name
номерснилс,snils
okpocompany,okpo
SERIES,passport_series
дата_рождения,birth_date
номер_пфр,snils
okpo_number,okpo
seria,passport_series
МИДДЛНЕЙМ,middle_name
ОГРНИП,ogrnip
регистрационный-номер-ип,ogrnip
corporate_email,email
TAXPAYER_ID,inn
INN_NUMBER,inn
INN_NUMBER,inn
код организации в окпо,okpo
отчествоклиента,middle_name
OGRN,ogrn
имена,first_name
военный билет серия номер,military_ticket_num
OKPO_ORG,okpo
birth_date,birth_date
Военбилет,military_ticket_num
серияпаспорта,passport_series
ОГРНИП,ogrnip
tax_number,inn
номер военника,military_ticket_num
НОМЕР ОКПО,okpo
CLIENT,full_name
FAMILY,last_name
военный билет,military_ticket_num
отч,middle_name
MIDDLE_NAME,middle_name
user_middle,middle_name
загранпаспорт,international_passport_number
corporate_email,email
Inn,inn
имя клиента,first_name
ОГРН,ogrn
Огрн Ип,ogrnip
full,full_name
family_name,last_name
Отчество клиента,middle_name
отчество покупателя,middle_name
тел.,phone
birth-day,birth_date
огрн-индивидуального-предпринимателя,ogrnip
ОГРН ИНДИВИДУАЛЬНОГО ПРЕДПРИНИМАТЕЛЯ,ogrnip
pension_number,snils
tax_code,inn
ogrn_code,ogrn
birthdate,birth_date
client_email,email
номер огрнип,ogrnip
Snils_Number,snils
Passport_No,passport_number
КПП ФИРМЫ,kpp
датарождения,birth_date
EMAIL ADDRESS,email
Фио,full_name
phonenumber,phone
MIDDLE,middle_name
окпо,okpo
foreign-passport-number,international_passport_number
NAME,first_name
НОМЕР ЗАГРАНИЧНОГО ПАСПОРТА,international_passport_number
contact_number,phone
dob,birth_date
tax_id,inn
firstname,first_name
INTERNATIONAL PASSPORT NUMBER,international_passport_number
загранномер,international_passport_number
familyname,last_name
огрнип,ogrnip
номеррегистрации,ogrn
причина_постановки,kpp
общероссийский классификатор,okpo
Паспорт,passport_number
passport-number,passport_number
kpp,kpp
СЕРИЯ_ПАСПОРТА,passport_series
инн_клиента,inn
email-пользователя,email
Военник,military_ticket_num
фамилии,last_name
firstname,first_name
middle_name,middle_name
birth_date,birth_date
серияпаспорта,passport_series
воен. билет номер,military_ticket_num
Имена,first_name
okpo,okpo
мilitaryid,military_ticket_num
ОГРН,ogrn
Классификатор Предприятий,okpo
датарождения,birth_date
Дата Рождения,birth_date
воен. билет,military_ticket_num
USER_NAME,first_name
email_пользователя,email
огрнип-код,ogrnip
Код Организации В Окпо,okpo
ФАМИЛИЯ,last_name
passport id,passport_number
USER_INN,inn
client_name,first_name
инн_клиента,inn
воен. билет,military_ticket_num
usermiddlename,middle_name
СЕРИЯ НОМЕР ВОЕННОГО БИЛЕТА,military_ticket_num
inn_code,inn
классификатор_предприятий,okpo
Егрюл Номер,ogrn
birthdata,birth_date
SECOND_NAME,last_name
Contact Email,email
код_организации_в_окпо,okpo
Foreign Passport Number,international_passport_number
окпо,okpo
User_Middlename,middle_name
основной гос номер,ogrn
taxpayer_id,inn
full,full_name
passport-#,passport_number
passport_series,passport_series
номер-паспорта-заграничного,international_passport_number
Код Постановки На Учет,kpp
паспортные-данные,passport_number
passport_number,international_passport_number
ОТЧЕСТВО,middle_name
OGRN,ogrn
РЕГИСТРАЦИОННЫЙ НОМЕР,ogrn
BIRTH DATE,birth_date
USER_LASTNAME,last_name
номер-паспорта,passport_number
ogrnip_code,ogrnip
cellphone,phone
LASTNAME,last_name
кпп_юрлица,kpp
birthdate,birth_date
ogrnipid,ogrnip
серия,passport_series
birthdate,birth_date
Классификатор Предприятий,okpo
pension_number,snils
регистрационный номер ип,ogrnip
serpassport ser,passport_series
snils_number,snils
KPP,kpp
регистрационный номер,ogrn
middle name,middle_name
паспорт,passport_number
complete_name,full_name
contact_number,phone
complete_name,full_name
okpo,okpo
Passport_No,passport_number
клиент,full_name
ogrn,ogrn
МILITARY ID,military_ticket_num
военник,military_ticket_num
военбилет,military_ticket_num
FULL_NAME,full_name
лицевойсчетпфр,snils
загранпаспорт,international_passport_number
кпп,kpp
Birthdate,birth_date
номер-записи-в-егрип,ogrnip
окпо,okpo
USER_INN,inn
Middle_Name,middle_name
passport_no,passport_number
passport,passport_number
отчество,middle_name
INN_NUMBER,inn
дата_рождения,birth_date
имена,first_name
Инн,inn
Имена,first_name
Middle_Name,middle_name
full_name,full_name
Seria,passport_series
birthdate,birth_date
Family Name,last_name
причина-постановки,kpp
серия,passport_series
Мобильный Телефон,phone
НОМЕР ОГРНИП,ogrnip
Кпп,kpp
снилс,snils
FAMILY NAME,last_name
serpassport ser,passport_series
user_name,first_name
номерпаспортазаграничного,international_passport_number
снилс,snils
clientinn,inn
отчество_покупателя,middle_name
work_email,email
номерпфр,snils
passport,passport_number
номер огрнип,ogrnip
PASSPORT,passport_number
inn_number,inn
фамилияимяотчество,full_name
number,phone
день-рождения,birth_date
день рождения,birth_date
passport_series,passport_series
огрнип,ogrnip
client_firstname,first_name
военбилет,military_ticket_num
client_email,email
Passport #,passport_number
fio,full_name
SNILS,snils
mobile,phone
intl passport,international_passport_number
Егрюл Номер,ogrn
family,last_name
taxpayer_id,inn
Пенсионное Страхование,snils
кппорганизации,kpp
middle_name,middle_name
номер_паспорта_заграничного,international_passport_number
IDENTIFICATION_NUMBER,inn
номер окпо,okpo
birth date,birth_date
отчество,middle_name
pfr,snils
emailcontact,email
seria,passport_series
passport-no,international_passport_number
inn_code,inn
contact_name,first_name
Основной Гос Номер,ogrn
middle,middle_name
Pension_Number,snils
кпп,kpp
пенсионное страхование,snils
ПЕНСИОННОЕ СТРАХОВАНИЕ,snils
Воен. Билет,military_ticket_num
kpp_id,kpp
passportnumber,passport_number
пфр,snils
Passport,passport_number
WHATSAPP,phone
OKPO,okpo
Middle,middle_name
КПП КОМПАНИИ,kpp
CONTACT EMAIL,email
мilitary_ID,military_ticket_num
отчествоклиента,middle_name
international passport number,international_passport_number
phonenumber,phone
user_name,first_name
user_middlename,middle_name
inncode,inn
датарождения,birth_date
СЕРИЯ,passport_series
CONTACT_NAME,first_name
secondname,last_name
страховой-номер,snils
страховой_номер,snils
ОГРН,ogrn
КЛИЕНТ,full_name
номер огрнип,ogrnip
OKPO_ID,okpo
номер военника,military_ticket_num
номер_паспорта_заграничного,international_passport_number
usermiddle,middle_name
family name,last_name
TAXPAYER_ID,inn
Okpo_Code,okpo
Инн_Клиента,inn
телефон,phone
загранпаспорт,international_passport_number
Kpp_Number,kpp
BIRTHDATA,birth_date
госрегистрация,ogrn
ВОЕННЫЙ БИЛЕТ СЕРИЯ,military_ticket_num
отч.,middle_name
ЗАГРАН,international_passport_number
OKPO,okpo
birth,birth_date
код причины постановки,kpp
Tax,inn
номер_паспорта,passport_number
огрнип ип,ogrnip
fio,full_name
PERSON_NAME,first_name
Kpp_Number,kpp
customer_name,full_name
ЕДИНЫЙ ГОСРЕЕСТР,ogrn
email клиента,email
воен._билет_номер,military_ticket_num
okpo_number,okpo
Номер Телефона,phone
user_phone,phone
user_lastname,last_name
BIRTH_DATE,birth_date
фамилии,last_name
мilitary-ticket-number,military_ticket_num
kpp_code,kpp
USER_PHONE,phone
номер огрн,ogrn
middle,middle_name
датарождения,birth_date
номер_паспорта,passport_number
international passport number,international_passport_number
passport series,passport_series
загран_номер,international_passport_number
work_email,email
Номер Паспорта Заграничного,international_passport_number
mail,email
ЕГРИП НОМЕР,ogrnip
given_name,first_name
passportseries,passport_series
user_inn,inn
given_name,first_name
KPP_CODE,kpp
snils,snils
inn,inn
деньроджения,birth_date
ogrnnumber,ogrn
passportid,passport_number
client_name,first_name
passport_no,international_passport_number
client,full_name
окпо,okpo
ogrnip,ogrnip
series,passport_series
client_name,first_name
ФАМИЛИИ,last_name
день роджения,birth_date
Intl Passport,international_passport_number
страховой номер,snils
гос-номер-юрлица,ogrn
серия,passport_series
middle,middle_name
intl-passport,international_passport_number
серия-паспорта,passport_series
date of birth,birth_date
second_name,last_name
огрн,ogrn
SERIA,passport_series
фамилия-клиента,last_name
snils_number,snils
загранномер,international_passport_number
family_name,last_name
tax,inn
ogrn_number,ogrn
загран номер,international_passport_number
загран,international_passport_number
серия паспорта,passport_series
единый госреестр,ogrn
ogrnid,ogrn
userphone,phone
family,last_name
user_phone,phone
датарождения,birth_date
Тел_Клиента,phone
usermail,email
email клиента,email
snils,snils
FAMILY NAME,last_name
фамилия_пользователя,last_name
userinn,inn
огрнип,ogrnip
passportid,passport_number
name,first_name
Client_Name,first_name
номер_записи_в_егрип,ogrnip
огрнип,ogrnip
Inn,inn
personal_email,email
общероссийский классификатор,okpo
Кпп Фирмы,kpp
страховое свидетельство,snils
ОГРН ИП,ogrnip
FULL,full_name
dateofbirth,birth_date
contact_email,email
серия,passport_series
билет военный,military_ticket_num
загранпаспорт,international_passport_number
bdate,birth_date
классификатор-предприятий,okpo
okpo_number,okpo
мilitary ID,military_ticket_num
КОД ОРГАНИЗАЦИИ В ОКПО,okpo
ЭЛЕКТРОННАЯ ПОЧТА,email
ogrnid,ogrn
USER_MAIL,email
BIRTH DATE,birth_date
фамилия-клиента,last_name
customer_name,full_name
военный документ,military_ticket_num
CONTACT_NUMBER,phone
инн,inn
в/бномер,military_ticket_num
дата_рождения,birth_date
Passport #,passport_number
регистрационныйномер,ogrn
Огрн,ogrn
снилс,snils
загранпаспорт,international_passport_number
номер_загранпаспорта,international_passport_number
военбилет,military_ticket_num
tax_code,inn
patronymic,middle_name
PERSONAL_EMAIL,email
family_name,last_name
номер-военника,military_ticket_num
билет военный,military_ticket_num
family,last_name
firstname,first_name
CLIENT_FIRSTNAME,first_name
corporate_email,email
electronicmail,email
ВОЕН. БИЛЕТ №,military_ticket_num
complete_name,full_name
foreignpassportnumber,international_passport_number
passportseries,passport_series
family-name,last_name
кпп компании,kpp
Фамилии,last_name
middle,middle_name
номерпфр,snils
fullname,full_name
birth-date,birth_date
НОМЕР ПФР,snils
email_адрес,email
fathersname,middle_name
snils_number,snils
кпп юрлица,kpp
номер-загранпаспорта,international_passport_number
электронная почта,email
НОМЕР_ПАСПОРТА,passport_number
okpo_code,okpo
user_middlename,middle_name
mobile_phone,phone
Email Пользователя,email
inn_code,inn
фамилии,last_name
номер-заграничного-паспорта,international_passport_number
ОГРНИП ИП,ogrnip
имяпользователя,first_name
день рождения,birth_date
user_middlename,middle_name
воен._билет_№,military_ticket_num
userphone,phone
given_name,first_name
E-MAIL,email
OKPO_ORG,okpo
customer_name,full_name
LAST NAME,last_name
паспортные данные,passport_number
lastname,last_name
классификатор предприятий,okpo
госрегистрация,ogrn
tax,inn
passportseries,passport_series
snils,snils
Cellphone,phone
tax,inn
Отч.,middle_name
мобильныйтел,phone
огрн,ogrn
bdate,birth_date
passportnumber,international_passport_number
birth_day,birth_date
ИМЯ,first_name
user_surname,last_name
ПОЛЬЗОВАТЕЛЬ,full_name
Given_Name,first_name
passportid,passport_number
full,full_name
given_name,first_name
pension_number,snils
CONTACT_PERSON,full_name
фамилияимяотчество,full_name
passport_series,passport_series
деньрождения,birth_date
егрип номер,ogrnip
страховой номер,snils
client_firstname,first_name
tax_id,inn
last name,last_name
birthdate,birth_date
Тел.,phone
email пользователя,email
НОМЕР ВОЕНБИЛЕТА,military_ticket_num
User_Lastname,last_name
tax,inn
passport no,international_passport_number
Номер Огрн,ogrn
№-военного-билета,military_ticket_num
номерснилс,snils
okponumber,okpo
инн_клиента,inn
whatsapp,phone
номер-паспорта-заграничного,international_passport_number
дата рождения,birth_date
Patronymic,middle_name
Фамилия_Имя_Отчество,full_name
passport_no,international_passport_number
Username,first_name
фамилия_пользователя,last_name
date_of_birth,birth_date
kpp_id,kpp
passport series,passport_series
number,phone
отч.,middle_name
person,full_name
номерпфр,snils
фамилия_пользователя,last_name
номер заграничного паспорта,international_passport_number
кпп_организации,kpp
ДАТАРОЖДЕНИЯ,birth_date
кпп,kpp
пользователь,full_name
кодпостановкинаучет,kpp
tax,inn
passportseries,passport_series
снилс,snils
BIRTH DAY,birth_date
серия-паспорта,passport_series
usermiddlename,middle_name
гос номер юрлица,ogrn
Пользователь,full_name
email_пользователя,email
Contact_Person,full_name
гос номер юрлица,ogrn
PASSPORT NUM,passport_number
USER_MIDDLE,middle_name
Insurance_Number,snils
user_phone,phone
lastname,last_name
номерзаграничногопаспорта,international_passport_number
inn,inn
Phone_Num,phone
огрн,ogrn
фамилия имя отчество,full_name
tax,inn
пенсионное-страхование,snils
Serpassport Ser,passport_series
мобильный телефон,phone
email_contact,email
tax_number,inn
ЕДИНЫЙ ГОСРЕЕСТР,ogrn
series,passport_series
SECOND_NAME,last_name
passport-num,passport_number
Регистрационный Номер Ип,ogrnip
fio,full_name
passport,passport_number
CONTACT_NAME,first_name
username,first_name
Inn_Code,inn
passportseries,passport_series
ДАТА_РОЖДЕНИЯ,birth_date
Кпп Компании,kpp
Birth Date,birth_date
Отчество-клиента,middle_name
USER_MIDDLENAME,middle_name
FULLNAME,full_name
огрн,ogrn
USER_LASTNAME,last_name
fullname,full_name
CONTACT EMAIL,email
фамилия,last_name
огрн,ogrn
num,phone
okpo_org,okpo
user_lastname,last_name
fullname,full_name
номер пфр,snils
useremail,email
insurancenumber,snils
ФАМИЛИЯ_ПОЛЬЗОВАТЕЛЯ,last_name
email,email
Причина Постановки,kpp
военныйбилетномер,military_ticket_num
passport_number,international_passport_number
client_name,first_name
воен.билет№,military_ticket_num
день роджения,birth_date
passport num,passport_number
ВОЕННЫЙ БИЛЕТ НОМЕР,military_ticket_num
Инн_Клиента,inn
кпп-организации,kpp
код окпо,okpo
PHONE_NUM,phone
миддлнейм,middle_name
User_Name,first_name
TAX_NUMBER,inn
fullname,full_name
passport#,passport_number
серия_паспорта,passport_series
серия-и-номер-паспорта,passport_number
электронная_почта,email
воен.-билет-№,military_ticket_num
пфрномер,snils
ogrnip_number,ogrnip
НОМЕР ВОЕННОГО БИЛЕТА,military_ticket_num
Егрип Номер,ogrnip
clientname,first_name
complete_name,full_name
serpassport ser,passport_series
identification_number,inn
USER_EMAIL,email
user_middle,middle_name
номерпаспорта,passport_number
NAME,first_name
fathersname,middle_name
мilitary ID,military_ticket_num
ИМЕНА,first_name
серияпаспорта,passport_series
taxpayer_id,inn
seria,passport_series
client,full_name
person,full_name
ОГРН ИНДИВИДУАЛЬНОГО ПРЕДПРИНИМАТЕЛЯ,ogrnip
КПП,kpp
passport_series,passport_series
ОГРН,ogrn
номер-воен.-билета,military_ticket_num
contact,phone
ТЕЛЕФОН,phone
foreign passport number,international_passport_number
first name,first_name
отчество покупателя,middle_name
birth,birth_date
ПАСПОРТ,passport_number
причина_постановки,kpp
военный-билет-номер,military_ticket_num
second_name,last_name
OGRN_CODE,ogrn
Загран Номер,international_passport_number
тел_клиента,phone
тел.,phone
Pfr,snils
госномерюрлица,ogrn
КПП,kpp
name,first_name
отчество клиента,middle_name
contactname,first_name
Middle Name,middle_name
Identification_Number,inn
PASSPORT #,passport_number
Ogrn,ogrn
Фамилия_Имя_Отчество,full_name
фамилия_клиента,last_name
окпо,okpo
единый госреестр,ogrn
pension_number,snils
клиент,full_name
ogrn_code,ogrn
okpo_company,okpo
kpp_number,kpp
загран номер,international_passport_number
номерпаспорта,passport_number
foreign passport number,international_passport_number
mobile_phone,phone
person,full_name
ОТЧЕСТВО ПОКУПАТЕЛЯ,middle_name
военник,military_ticket_num
паспортные данные,passport_number
фамилия,last_name
passport,passport_number
военный-билет-серия,military_ticket_num
Огрнип,ogrnip
Огрнип Ип,ogrnip
email-address,email
электроннаяпочта,email
серия номер военного билета,military_ticket_num
серия номер военного билета,military_ticket_num
огрнип_ип,ogrnip
инн,inn
lastname,last_name
pension_number,snils
мilitary ticket number,military_ticket_num
intl-passport,international_passport_number
Код Организации В Окпо,okpo
contact,phone
мilitaryid,military_ticket_num
passportseries,passport_series
Insurance_Number,snils
email_адрес,email
огрнип_код,ogrnip
Mail,email
военныйдокумент,military_ticket_num
pfr,snils
middle,middle_name
код-организации-в-окпо,okpo
серия,passport_series
PASSPORTSERIES,passport_series
отч,middle_name
passport num,passport_number
реестр_ип,ogrnip
огрнип,ogrnip
firstname,first_name
серия,passport_series
ogrnipid,ogrnip
серия и номер паспорта,passport_number
кпп_юрлица,kpp
CLIENT_INN,inn
серия_паспорта,passport_series
dateofbirth,birth_date
Contact_Name,first_name
passport num,passport_number
passportseries,passport_series
tax_id,inn
phone,phone
birth date,birth_date
okpo_number,okpo
foreign_passport_number,international_passport_number
snils_number,snils
Passport #,passport_number
tax,inn
Name,first_name
bdate,birth_date
Birthdate,birth_date
pfr,snils
Birth,birth_date
client,full_name
воен.билет№,military_ticket_num
client_tel,phone
серия_паспорта,passport_series
seria,passport_series
second_name,last_name
тел.,phone
кпп организации,kpp
огрнип_код,ogrnip
ГОС НОМЕР ЮРЛИЦА,ogrn
pension_number,snils
mobile_phone,phone
ОТЧЕСТВО,middle_name
фамилии,last_name
Тел.,phone
user_lastname,last_name
Номер Военбилета,military_ticket_num
last-name,last_name
Passport,passport_number
кпп-юрлица,kpp
фамилия клиента,last_name
гос-номер-юрлица,ogrn
номер военного билета,military_ticket_num
USER_MIDDLENAME,middle_name
corporate_email,email
passport_no,passport_number
Fathers_Name,middle_name
passport,passport_number
серия_паспорта,passport_series
загран-номер,international_passport_number
пользователь,full_name
okpo,okpo
серияпаспорта,passport_series
lastname,last_name
passportid,passport_number
мilitary ticket number,military_ticket_num
serpassportser,passport_series
passport_no,passport_number
inn,inn
intl passport,international_passport_number
паспортные-данные,passport_number
телефон,phone
passport_number,international_passport_number
серия_паспорта,passport_series
whatsapp,phone
ОГРН ИНДИВИДУАЛЬНОГО ПРЕДПРИНИМАТЕЛЯ,ogrnip
воен._билет_номер,military_ticket_num
номер-военбилета,military_ticket_num
fathers_name,middle_name
customer_name,full_name
пфр,snils
inn,inn
ОГРН,ogrn
user_mail,email
passport series,passport_series
mobile_phone,phone
огрн,ogrn
USER_SURNAME,last_name
person,full_name
Фамилия-Имя-Отчество,full_name
E-Mail Адрес,email
огрнип_ип,ogrnip
FATHERS_NAME,middle_name
Военный Билет Серия,military_ticket_num
ogrnip_code,ogrnip
НОМЕР ПАСПОРТА,passport_number
огрнип_ип,ogrnip
номер_пфр,snils
кодокпо,okpo
номер-паспорта,passport_number
Ogrn_Id,ogrn
phone_number,phone
Мобильный-телефон,phone
snils,snils
CLIENT,full_name
okponumber,okpo
tax,inn
огрнип,ogrnip
PASSPORTSERIES,passport_series
second_name,last_name
business_email,email
егрип_номер,ogrnip
number,phone
Серия Паспорта,passport_series
contact_person,full_name
Dateofbirth,birth_date
Отчество-клиента,middle_name
okpo,okpo
ogrnip_code,ogrnip
usermiddlename,middle_name
номер_паспорта_заграничного,international_passport_number
военник,military_ticket_num
Номер Паспорта,passport_number
страховое-свидетельство,snils
middle,middle_name
номерпаспортазаграничного,international_passport_number
огрнип ип,ogrnip
Номер Снилс,snils
Загран Номер,international_passport_number
ОГРНИП КОД,ogrnip
Kpp,kpp
гос_номер_юрлица,ogrn
Email Address,email
номер военника,military_ticket_num
client,full_name
passportid,passport_number
email,email
business_email,email
pension_number,snils
Тел.,phone
Серия И Номер Паспорта,passport_number
complete_name,full_name
Инн,inn
Военный Билет Серия Номер,military_ticket_num
имя_пользователя,first_name
номер огрнип,ogrnip
inn,inn
full,full_name
ФАМИЛИЯ_ПОЛЬЗОВАТЕЛЯ,last_name
Kpp,kpp
№военногобилета,military_ticket_num
passport-number,passport_number
personal_email,email
Егрип Номер,ogrnip
Okpo_Org,okpo
email_contact,email
номер_паспорта_заграничного,international_passport_number
passportnumber,international_passport_number
гос-номер-юрлица,ogrn
SERIES,passport_series
огрн-индивидуального-предпринимателя,ogrnip
ogrn_number,ogrn
номер военника,military_ticket_num
билет военный,military_ticket_num
birthdate,birth_date
passportid,passport_number
электроннаяпочта,email
okpo_number,okpo
foreign passport number,international_passport_number
Full,full_name
ogrn_number,ogrn
phonenum,phone
User_Surname,last_name
user_lastname,last_name
KPP_CODE,kpp
User_Surname,last_name
огрн ип,ogrnip
лицевой-счет-пфр,snils
кпп компании,kpp
passport_#,passport_number
Num,phone
okpo_code,okpo
серия_паспорта,passport_series
инн,inn
clientfirstname,first_name
загран,international_passport_number
intlpassport,international_passport_number
clienttel,phone
дата_рождения,birth_date
birthdata,birth_date
snils,snils
ОГРНИП,ogrnip
единый госреестр,ogrn
код-окпо,okpo
общероссийский классификатор,okpo
fio,full_name
имя-клиента,first_name
second_name,last_name
dateofbirth,birth_date
firstname,first_name
Bdate,birth_date
НОМЕР ОКПО,okpo
паспортные-данные,passport_number
имя_пользователя,first_name
Contact,phone
страховое-свидетельство,snils
налоговый кпп,kpp
kpp_code,kpp
№-военного-билета,military_ticket_num
middle,middle_name
Основной Гос Номер,ogrn
огрнип,ogrnip
серия-номер-военного-билета,military_ticket_num
отч.,middle_name
Серия И Номер Паспорта,passport_number
ПОЧТА,email
Okpo_Number,okpo
дата рождения,birth_date
Okpo_Id,okpo
Снилс,snils
Имя Клиента,first_name
Отчество Клиента,middle_name
name,first_name
Passport Num,passport_number
код окпо,okpo
taxnumber,inn
имя клиента,first_name
ELECTRONIC MAIL,email
ОГРН ИНДИВИДУАЛЬНОГО ПРЕДПРИНИМАТЕЛЯ,ogrnip
ogrnnumber,ogrn
классификатор_предприятий,okpo
Номер Окпо,okpo
номер_пфр,snils
ogrncode,ogrn
код_организации_в_окпо,okpo
passport_no,passport_number
номер заграничного паспорта,international_passport_number
dob,birth_date
completename,full_name
okponumber,okpo
client_firstname,first_name
тел.,phone
client,full_name
серия,passport_series
Pension_Number,snils
номер паспорта заграничного,international_passport_number
Классификатор Предприятий,okpo
кпп,kpp
Login_Email,email
ЗАГРАНПАСПОРТ,international_passport_number
номер_огрнип,ogrnip
kpp_number,kpp
номер огрн,ogrn
inncode,inn
инн_клиента,inn
Client_Firstname,first_name
okpo,okpo
отчество,middle_name
username,first_name
номер окпо,okpo
фамилии,last_name
INTERNATIONAL PASSPORT NUMBER,international_passport_number
userinn,inn
НОМЕР СНИЛС,snils
Passport_No,passport_number
surname,last_name
kpp_id,kpp
user_mail,email
фамилияклиента,last_name
fathers_name,middle_name
INTERNATIONAL PASSPORT NUMBER,international_passport_number
intl-passport,international_passport_number
номер записи в егрип,ogrnip
огрн,ogrn
номер записи в егрюл,ogrn
okpo_company,okpo
FULL_NAME,full_name
номер_паспорта,passport_number
загран_номер,international_passport_number
паспортныеданные,passport_number
ogrnip_number,ogrnip
inn_code,inn
Снилс,snils
PASSPORT SERIES,passport_series
okpo,okpo
ФИО,full_name
ОТЧ,middle_name
CLIENT_EMAIL,email
customername,full_name
страховое свидетельство,snils
Person_Name,first_name
ogrnip_id,ogrnip
регистрационный номер,ogrn
dateofbirth,birth_date
тел_клиента,phone
КЛАССИФИКАТОР ПРЕДПРИЯТИЙ,okpo
PASSPORT SERIES,passport_series
ФИО,full_name
passport no,international_passport_number
кппюрлица,kpp
passport,passport_number
паспорт,passport_number
dob,birth_date
кпп,kpp
lastname,last_name
Passport Id,passport_number
ogrnip_code,ogrnip
contactnumber,phone
businessemail,email
огрнип,ogrnip
КПП ЮРЛИЦА,kpp
snils,snils
№ военного билета,military_ticket_num
налоговыйкпп,kpp
фамилия_пользователя,last_name
Complete_Name,full_name
номервоен.билета,military_ticket_num
DATEOFBIRTH,birth_date
CONTACT_PERSON,full_name
номерзагранпаспорта,international_passport_number
ОГРНИП,ogrnip
FOREIGN PASSPORT NUMBER,international_passport_number
passport number,passport_number
clienttel,phone
OKPO_ID,okpo
номерзаграничногопаспорта,international_passport_number
second_name,last_name
middlename,middle_name
last name,last_name
НОМЕР ЗАПИСИ В ЕГРЮЛ,ogrn
family_name,last_name
user_middlename,middle_name
загранпаспорт,international_passport_number
client,full_name
регистрационный_номер,ogrn
фамилия_пользователя,last_name
ОКПО,okpo
код-окпо,okpo
OKPO,okpo
DATEOFBIRTH,birth_date
серия_номер_военного_билета,military_ticket_num
пенсионное_страхование,snils
insurancenumber,snils
имена,first_name
okpo_id,okpo
НОМЕР ОКПО,okpo
Fathers_Name,middle_name
kpp,kpp
военный билет серия номер,military_ticket_num
clienttel,phone
почта,email
ОГРНИП,ogrnip
дата_рождения,birth_date
Okpo_Org,okpo
kpp,kpp
kppnumber,kpp
Номер Загранпаспорта,international_passport_number
Lastname,last_name
mobile,phone
CUSTOMER_NAME,full_name
Client,full_name
clienttel,phone
имена,first_name
Birth,birth_date
кпп_фирмы,kpp
отчество,middle_name
Номер В/Б,military_ticket_num
dateofbirth,birth_date
user_lastname,last_name
Отч,middle_name
client,full_name
user_middle,middle_name
Серия Номер Военного Билета,military_ticket_num
serpassport ser,passport_series
отч.,middle_name
код_причины_постановки,kpp
дата-роджения,birth_date
taxpayer_id,inn
e-mailадрес,email
given_name,first_name
INN_CODE,inn
Tax_Code,inn
inn,inn
снилс,snils
номер записи в егрюл,ogrn
паспорт,passport_number
инн_клиента,inn
кпп-организации,kpp
business_email,email
seria,passport_series
военный-документ,military_ticket_num
Inn_Number,inn
номер паспорта заграничного,international_passport_number
отч,middle_name
snils,snils
номерокпо,okpo
страховой номер,snils
инн,inn
Телефон,phone
CUSTOMER_NAME,full_name
corporate_email,email
contact,phone
passport series,passport_series
birth,birth_date
мilitaryticketnumber,military_ticket_num
код причины постановки,kpp
okpo_org,okpo
FIRST NAME,first_name
mobile,phone
огрнип код,ogrnip
birth,birth_date
кпп-организации,kpp
Birthdata,birth_date
Ogrn_Number,ogrn
Surname,last_name
серия_паспорта,passport_series
Passport Num,passport_number
загран номер,international_passport_number
familyname,last_name
код_окпо,okpo
мilitary-ID,military_ticket_num
Fio,full_name
user_email,email
TAXPAYER_ID,inn
кпп юрлица,kpp
Client,full_name
загран-номер,international_passport_number
cellphone,phone
phone,phone
OKPO_NUMBER,okpo
Client_Inn,inn
passport series,passport_series
emailaddress,email
insurance_number,snils
bdate,birth_date
имена,first_name
номер_паспорта,passport_number
ЕГРЮЛ НОМЕР,ogrn
TAX_NUMBER,inn
ПРИЧИНА ПОСТАНОВКИ,kpp
MIDDLE_NAME,middle_name
ТЕЛЕФОН,phone
имена,first_name
okpoorg,okpo
identification_number,inn
electronic mail,email
серия_паспорта,passport_series
passportid,passport_number
Отчество,middle_name
surname,last_name
family_name,last_name
OGRN_CODE,ogrn
OKPO_CODE,okpo
user_mail,email
snils,snils
inn_number,inn
intl_passport,international_passport_number
серия,passport_series
госрегистрация,ogrn
customer_name,full_name
ogrnip_id,ogrnip
отч,middle_name
НОМЕР ПАСПОРТА,passport_number
passportseries,passport_series
номер заграничного паспорта,international_passport_number
PERSON,full_name
surname,last_name
loginemail,email
НОМЕР СНИЛС,snils
passportnum,passport_number
passport_no,passport_number
фамилия_клиента,last_name
lastname,last_name
person,full_name
last-name,last_name
Паспортные Данные,passport_number
датарождения,birth_date
USER_NAME,first_name
Воен. Билет №,military_ticket_num
surname,last_name
ogrnip,ogrnip
phone_num,phone
Contact,phone
егрюлномер,ogrn
user_inn,inn
Client_Firstname,first_name
Кпп Юрлица,kpp
kppnumber,kpp
Seria,passport_series
okpo,okpo
SERIES,passport_series
full,full_name
Огрнип,ogrnip
passport_series,passport_series
kpp_number,kpp
почта,email
номер_паспорта_заграничного,international_passport_number
passportid,passport_number
emailклиента,email
др,birth_date
clientfirstname,first_name
загранпаспорт,international_passport_number
number,phone
регистрационный-номер,ogrn
name,first_name
фамилияимяотчество,full_name
единый госреестр,ogrn
businessemail,email
Firstname,first_name
FULLNAME,full_name
налоговый кпп,kpp
ОКПО,okpo
инн,inn
КОД ПРИЧИНЫ ПОСТАНОВКИ,kpp
middlename,middle_name
ВОЕН. БИЛЕТ НОМЕР,military_ticket_num
fio,full_name
Passport,passport_number
full_name,full_name
Инн,inn
тел_клиента,phone
единыйгосреестр,ogrn
тел_клиента,phone
birthdate,birth_date
пользователь,full_name
егрюлномер,ogrn
workemail,email
отчество,middle_name
phone_number,phone
загранпаспорт,international_passport_number
кодпричиныпостановки,kpp
Kpp_Code,kpp
кпп компании,kpp
tax_number,inn
кпп организации,kpp
Код Окпо,okpo
Lastname,last_name
Огрн Индивидуального Предпринимателя,ogrnip
PASSPORT SERIES,passport_series
номер снилс,snils
birthdata,birth_date
имя_пользователя,first_name
series,passport_series
огрнип код,ogrnip
serpassportser,passport_series
Паспортные Данные,passport_number
ИНН,inn
PASSPORT,passport_number
email,email
email,email
okpo_id,okpo
серия и номер паспорта,passport_number
имя-клиента,first_name
ogrnipcode,ogrnip
ogrn,ogrn
inn,inn
электронная-почта,email
mobile_phone,phone
number,phone
FAMILY_NAME,last_name
Билет Военный,military_ticket_num
фамилия,last_name
person,full_name
user_middle,middle_name
Passportid,passport_number
отчество,middle_name
загранпаспорт,international_passport_number
фамилияклиента,last_name
Okpo_Company,okpo
ЗАГРАН НОМЕР,international_passport_number
email address,email
имена,first_name
PHONE,phone
ogrnip_id,ogrnip
серияпаспорта,passport_series
Регистрационный Номер Ип,ogrnip
номер-снилс,snils
kpp_id,kpp
PERSON,full_name
fio,full_name
лицевой-счет-пфр,snils
inn_number,inn
international-passport-number,international_passport_number
email_пользователя,email
Personal_Email,email
серияпаспорта,passport_series
passportno,international_passport_number
insurance_number,snils
реестр ип,ogrnip
bdate,birth_date
Пенсионное Страхование,snils
страховой номер,snils
businessemail,email
день-роджения,birth_date
Email Address,email
PATRONYMIC,middle_name
номер огрн,ogrn
Госрегистрация,ogrn
имя,first_name
имена,first_name
Okpo_Company,okpo
okpo,okpo
email_пользователя,email
middle,middle_name
огрн,ogrn
Имя_Пользователя,first_name
intl passport,international_passport_number
Birth Day,birth_date
fullname,full_name
серия_паспорта,passport_series
family,last_name
МОБИЛЬНЫЙ ТЕЛЕФОН,phone
Firstname,first_name
госрегистрация,ogrn
fathers_name,middle_name
TAX_ID,inn
военный_билет,military_ticket_num
Серия Паспорта,passport_series
Passportseries,passport_series
passport-no,international_passport_number
Номер Паспорта Заграничного,international_passport_number
Mail,email
foreign-passport-number,international_passport_number
last name,last_name
огрн,ogrn
passport series,passport_series
пользователь,full_name
НОМЕР ПАСПОРТА ЗАГРАНИЧНОГО,international_passport_number
датарождения,birth_date
номер военбилета,military_ticket_num
егрип номер,ogrnip
имена,first_name
PERSON_NAME,first_name
username,first_name
full,full_name
номер заграничного паспорта,international_passport_number
КПП ЮРЛИЦА,kpp
Passportseries,passport_series
имя клиента,first_name
классификатор предприятий,okpo
fathers_name,middle_name
классификатор предприятий,okpo
егрюлномер,ogrn
foreign passport number,international_passport_number
kpp_number,kpp
contact,phone
кпп организации,kpp
TAX_CODE,inn
PASSPORT NUM,passport_number
ФАМИЛИЯ_ПОЛЬЗОВАТЕЛЯ,last_name
Okpo_Code,okpo
dateofbirth,birth_date
тел_клиента,phone
user_phone,phone
воен.-билет-№,military_ticket_num
Страховое Свидетельство,snils
User_Mail,email
User_Phone,phone
passportseries,passport_series
Inn,inn
cellphone,phone
series,passport_series
patronymic,middle_name
ogrn,ogrn
passport id,passport_number
лицевой счет пфр,snils
family_name,last_name
документвоеннослужащего,military_ticket_num
email_пользователя,email
ПРИЧИНА ПОСТАНОВКИ,kpp
пфр номер,snils
client_tel,phone
ogrnid,ogrn
номеррегистрации,ogrn
пенсионное страхование,snils
номер_паспорта,passport_number
International Passport Number,international_passport_number
номер_заграничного_паспорта,international_passport_number
Регистрационный Номер Ип,ogrnip
СНИЛС,snils
Ogrn_Code,ogrn
отч.,middle_name
user_name,first_name
Work_Email,email
middle name,middle_name
Tax_Number,inn
client_inn,inn
client_tel,phone
Мilitary Ticket Number,military_ticket_num
пользователь,full_name
имя,first_name
серия_и_номер_паспорта,passport_number
USERNAME,first_name
код организации в окпо,okpo
фамилии,last_name
Family_Name,last_name
огрн индивидуального предпринимателя,ogrnip
ogrnip_number,ogrnip
ПАСПОРТНЫЕ ДАННЫЕ,passport_number
okpo,okpo
identificationnumber,inn
НОМЕР ПФР,snils
ogrn_code,ogrn
Name,first_name
SNILS_NUMBER,snils
fio,full_name
госномерюрлица,ogrn
миддлнейм,middle_name
СЕРИЯ,passport_series
код_постановки_на_учет,kpp
ФАМИЛИЯ КЛИЕНТА,last_name
fullname,full_name
СНИЛС,snils
Okpo,okpo
Отчество_клиента,middle_name
NUMBER,phone
военник,military_ticket_num
login_email,email
Номер Заграничного Паспорта,international_passport_number
passport number,international_passport_number
client_firstname,first_name
user_lastname,last_name
passport #,passport_number
номер записи в егрюл,ogrn
госрегистрация,ogrn
FIRST NAME,first_name
СЕРИЯ,passport_series
огрнип,ogrnip
ФИО,full_name
User_Email,email
phone,phone
номер-загранпаспорта,international_passport_number
страховой номер,snils
госрегистрация,ogrn
номерпаспортазаграничного,international_passport_number
Паспорт,passport_number
Client,full_name
tax,inn
ogrnipid,ogrnip
WHATSAPP,phone
username,first_name
№_военного_билета,military_ticket_num
user_inn,inn
ОКПО,okpo
middle-name,middle_name
отчество-покупателя,middle_name
военныйдокумент,military_ticket_num
КОД ПОСТАНОВКИ НА УЧЕТ,kpp
okpo_org,okpo
Series,passport_series
СНИЛС,snils
отчествоклиента,middle_name
лицевой-счет-пфр,snils
emailcontact,email
пользователь,full_name
foreign passport number,international_passport_number
реестр_ип,ogrnip
Фамилии,last_name
номер огрн,ogrn
Passport_Series,passport_series
NUM,phone
series,passport_series
Tax_Id,inn
birthdata,birth_date
кппорганизации,kpp
user_surname,last_name
воен.билет,military_ticket_num
номер_записи_в_егрип,ogrnip
family_name,last_name
ФАМИЛИЯ_ПОЛЬЗОВАТЕЛЯ,last_name
passportseries,passport_series
код_постановки_на_учет,kpp
kpp,kpp
serpassport ser,passport_series
НОМЕР ЗАГРАНПАСПОРТА,international_passport_number
Серия И Номер Паспорта,passport_number
ЗАГРАНПАСПОРТ,international_passport_number
username,first_name
loginemail,email
страховое свидетельство,snils
серияиномерпаспорта,passport_number
tax_number,inn
номер-паспорта-заграничного,international_passport_number
воен. билет номер,military_ticket_num
Мобильный_телефон,phone
дата_рождения,birth_date
LOGIN_EMAIL,email
userphone,phone
НОМЕР В/Б,military_ticket_num
FIRSTNAME,first_name
номер окпо,okpo
IDENTIFICATION_NUMBER,inn
Mobile,phone
регистрационный номер,ogrn
intl passport,international_passport_number
дата_рождения,birth_date
tax,inn
fullname,full_name
insurance_number,snils
phonenum,phone
Client_Email,email
client,full_name
inn_code,inn
bdate,birth_date
PASSPORTSERIES,passport_series
Номер Огрн,ogrn
phone_num,phone
NAME,first_name
Фамилия,last_name
passport num,passport_number
Insurance_Number,snils
госрегистрация,ogrn
фамилии,last_name
загранномер,international_passport_number
intl_passport,international_passport_number
Отч,middle_name
okpo_company,okpo
дата_рождения,birth_date
contactemail,email
Client,full_name
Номер Воен. Билета,military_ticket_num
РЕГИСТРАЦИОННЫЙ НОМЕР ИП,ogrnip
full,full_name
Гос Номер Юрлица,ogrn
Отч.,middle_name
номер_пфр,snils
адрес почты,email
SNILS,snils
Реестр Ип,ogrnip
ogrnip_number,ogrnip
госрегистрация,ogrn
билет-военный,military_ticket_num
ОГРНИП,ogrnip
ЗАГРАН НОМЕР,international_passport_number
Номер_Паспорта,passport_number
passport_id,passport_number
ОТЧ,middle_name
ОКПО,okpo
mobile,phone
email_пользователя,email
user_middlename,middle_name
КЛИЕНТ,full_name
отчество клиента,middle_name
тел_клиента,phone
client,full_name
snilsnumber,snils
окпо,okpo
кпп-фирмы,kpp
ogrn,ogrn
business_email,email
Passportseries,passport_series
CONTACT_PERSON,full_name
кпп компании,kpp
номер_огрн,ogrn
Ogrn,ogrn
okpocompany,okpo
Пользователь,full_name
customer_name,full_name
Contact Email,email
First Name,first_name
okpo,okpo
okpoid,okpo
отч,middle_name
user_phone,phone
инн,inn
документ-военнослужащего,military_ticket_num
contact email,email
датарождения,birth_date
день_рождения,birth_date
okpoorg,okpo
EMAIL КЛИЕНТА,email
user_surname,last_name
CUSTOMER_NAME,full_name
НОМЕР ПАСПОРТА,passport_number
tel,phone
Passport No,international_passport_number
passport-num,passport_number
OGRNIP,ogrnip
номер-регистрации,ogrn
Лицевой Счет Пфр,snils
Военный Билет Номер,military_ticket_num
taxpayer_id,inn
BIRTH DATE,birth_date
номерпаспортазаграничного,international_passport_number
отчество,middle_name
FAMILY,last_name
основной-гос-номер,ogrn
серия-и-номер-паспорта,passport_number
FIRST NAME,first_name
user_surname,last_name
seria,passport_series
Pfr,snils
фамилия клиента,last_name
date_of_birth,birth_date
Номер Огрн,ogrn
единый госреестр,ogrn
номер снилс,snils
email адрес,email
second_name,last_name
okpo_number,okpo
snils,snils
кпп организации,kpp
series,passport_series
ОТЧЕСТВО КЛИЕНТА,middle_name
имя_пользователя,first_name
серия номер военного билета,military_ticket_num
num,phone
birthdate,birth_date
passport,passport_number
отчество,middle_name
ogrnipnumber,ogrnip
user_middle,middle_name
ogrnip_id,ogrnip
taxid,inn
тел.,phone
first_name,first_name
серия_паспорта,passport_series
егрюлномер,ogrn
contact,phone
миддлнейм,middle_name
firstname,first_name
огрниндивидуальногопредпринимателя,ogrnip
номер огрн,ogrn
Отч.,middle_name
электронная_почта,email
Отчество клиента,middle_name
классификатор предприятий,okpo
intlpassport,international_passport_number
военныйбилет№,military_ticket_num
В/Б Номер,military_ticket_num
билет_военный,military_ticket_num
Код Организации В Окпо,okpo
Passport Series,passport_series
ОСНОВНОЙ ГОС НОМЕР,ogrn
CLIENT_INN,inn
загран,international_passport_number
имя_клиента,first_name
номер_окпо,okpo
ДР,birth_date
lastname,last_name
номер-окпо,okpo
passport_number,passport_number
отчество клиента,middle_name
ИМЕНА,first_name
birthdate,birth_date
client,full_name
fathersname,middle_name
patronymic,middle_name
personal_email,email
Паспортные Данные,passport_number
регистрационный-номер-ип,ogrnip
Военный Билет Серия Номер,military_ticket_num
лицевой счет пфр,snils
НОМЕР ПФР,snils
birth-date,birth_date
пользователь,full_name
EMAIL_CONTACT,email
CONTACT EMAIL,email
tax_code,inn
passportseries,passport_series
ogrn_code,ogrn
общероссийский_классификатор,okpo
foreign_passport_number,international_passport_number
ogrnip_id,ogrnip
passport#,passport_number
tax_id,inn
Номер Военного Билета,military_ticket_num
fullname,full_name
пользователь,full_name
фамилия_клиента,last_name
ogrnip,ogrnip
client_firstname,first_name
usersurname,last_name
военный билет №,military_ticket_num
full_name,full_name
user_phone,phone
passport id,passport_number
business_email,email
НОМЕР ВОЕНБИЛЕТА,military_ticket_num
имя_пользователя,first_name
cellphone,phone
middle_name,middle_name
electronic mail,email
Причина Постановки,kpp
middle,middle_name
Business_Email,email
деньроджения,birth_date
Surname,last_name
день-рождения,birth_date
серия_и_номер_паспорта,passport_number
Реестр Ип,ogrnip
username,first_name
firstname,first_name
fio,full_name
ogrnip,ogrnip
номер окпо,okpo
НОМЕР ВОЕННОГО БИЛЕТА,military_ticket_num
№_военного_билета,military_ticket_num
отчество клиента,middle_name
pfr,snils
номер_снилс,snils
Ogrnip_Id,ogrnip
Кпп Организации,kpp
окпо,okpo
серия_паспорта,passport_series
email_пользователя,email
corporate_email,email
series,passport_series
CLIENT_FIRSTNAME,first_name
okpo,okpo
снилс,snils
USER_MIDDLENAME,middle_name
номер_паспорта,passport_number
Страховой Номер,snils
Name,first_name
день_роджения,birth_date
email_клиента,email
код-постановки-на-учет,kpp
passport no,international_passport_number
отчествоклиента,middle_name
PERSON_NAME,first_name
НОМЕР ВОЕН. БИЛЕТА,military_ticket_num
имена,first_name
Номер Загранпаспорта,international_passport_number
insurance_number,snils
Фамилии,last_name
clientinn,inn
okpo_id,okpo
в/б_номер,military_ticket_num
Паспортные Данные,passport_number
Ogrn_Code,ogrn
USER_MIDDLE,middle_name
username,first_name
регистрационныйномерип,ogrnip
bdate,birth_date
паспортныеданные,passport_number
Пфр,snils
phone_number,phone
номер_паспорта,passport_number
fio,full_name
дата рождения,birth_date
РЕГИСТРАЦИОННЫЙ НОМЕР ИП,ogrnip
мобильный телефон,phone
firstname,first_name
bdate,birth_date
др,birth_date
Страховое Свидетельство,snils
person_name,first_name
passport number,passport_number
кпп компании,kpp
last_name,last_name
Full,full_name
USER_MIDDLENAME,middle_name
Passport Num,passport_number
birth-day,birth_date
INSURANCE_NUMBER,snils
email-address,email
passport no,international_passport_number
егрип номер,ogrnip
givenname,first_name
okpo_number,okpo
ogrnipid,ogrnip
okpocode,okpo
военный-билет,military_ticket_num
Passport Num,passport_number
Страховое Свидетельство,snils
СЕРИЯ И НОМЕР ПАСПОРТА,passport_number
КПП ОРГАНИЗАЦИИ,kpp
mail,email
TAXPAYER_ID,inn
birthdata,birth_date
паспорт,passport_number
CLIENT_TEL,phone
passport_no,passport_number
patronymic,middle_name
FIO,full_name
surname,last_name
имя,first_name
passportseries,passport_series
КПП ЮРЛИЦА,kpp
имя клиента,first_name
inn_number,inn
PHONE_NUM,phone
ИНН,inn
номер-окпо,okpo
Lastname,last_name
user_surname,last_name
family_name,last_name
номер_заграничного_паспорта,international_passport_number
kppid,kpp
воен._билет_номер,military_ticket_num
tax_id,inn
ogrnip_number,ogrnip
ОБЩЕРОССИЙСКИЙ КЛАССИФИКАТОР,okpo
Номер Огрнип,ogrnip
номер_регистрации,ogrn
Военник Номер,military_ticket_num
passport series,passport_series
загран,international_passport_number
госрегистрация,ogrn
номер-военника,military_ticket_num
мобильный_тел,phone
паспортные данные,passport_number
middle,middle_name
tax_number,inn
пользователь,full_name
TAXPAYER_ID,inn
ОКПО,okpo
pfr,snils
kpp_id,kpp
ОБЩЕРОССИЙСКИЙ КЛАССИФИКАТОР,okpo
паспортные_данные,passport_number
номер военного билета,military_ticket_num
ЭЛЕКТРОННАЯ ПОЧТА,email
birthdate,birth_date
кпп компании,kpp
причина_постановки,kpp
ogrnip_code,ogrnip
загран-номер,international_passport_number
Номер_Паспорта,passport_number
кодпостановкинаучет,kpp
ФИО,full_name
имя,first_name
фамилия,last_name
ПОЛЬЗОВАТЕЛЬ,full_name
НОМЕР ВОЕН. БИЛЕТА,military_ticket_num
тел.,phone
contact,phone
COMPLETE_NAME,full_name
регистрационный номер ип,ogrnip
воен._билет,military_ticket_num
patronymic,middle_name
НОМЕР ОКПО,okpo
имена,first_name
kpp_number,kpp
fullname,full_name
username,first_name
клиент,full_name
PASSPORTID,passport_number
Contact Email,email
firstname,first_name
passport #,passport_number
DATE OF BIRTH,birth_date
client_email,email
user_lastname,last_name
user_surname,last_name
номер_паспорта,passport_number
foreign passport number,international_passport_number
общероссийский классификатор,okpo
окпо,okpo
passport num,passport_number
passport #,passport_number
единый-госреестр,ogrn
birth,birth_date
НОМЕР ПАСПОРТА,passport_number
ЭЛЕКТРОННАЯ ПОЧТА,email
emailклиента,email
Мобильный телефон,phone
INN_NUMBER,inn
Отчество Клиента,middle_name
Страховой Номер,snils
middle_name,middle_name
FULL_NAME,full_name
НОМЕР_ПАСПОРТА,passport_number
причинапостановки,kpp
инн,inn
егрюл_номер,ogrn
ИМЕНА,first_name
snils_number,snils
огрнип_ип,ogrnip
second_name,last_name
login_email,email
кпп компании,kpp
inn_code,inn
номер-загранпаспорта,international_passport_number
отч.,middle_name
inn_code,inn
КЛАССИФИКАТОР ПРЕДПРИЯТИЙ,okpo
snils,snils
номер_паспорта,passport_number
дата-рождения,birth_date
фамилия,last_name
ОКПО,okpo
pfr,snils
пфр номер,snils
номерзаграничногопаспорта,international_passport_number
военный билет,military_ticket_num
фамилияклиента,last_name
client_inn,inn
inn_number,inn
Birthdata,birth_date
гос-номер-юрлица,ogrn
паспортные данные,passport_number
passportseries,passport_series
номер_телефона,phone
passport_num,passport_number
user_middle,middle_name
username,first_name
инн,inn
passportnum,passport_number
код_организации_в_окпо,okpo
First Name,first_name
др,birth_date
фамилии,last_name
классификатор-предприятий,okpo
причинапостановки,kpp
ogrnip_id,ogrnip
кпп компании,kpp
огрн_ип,ogrnip
Военник,military_ticket_num
Work_Email,email
internationalpassportnumber,international_passport_number
business_email,email
tax_code,inn
BIRTH DATE,birth_date
фамилияклиента,last_name
CLIENT,full_name
ТЕЛ_КЛИЕНТА,phone
taxpayer_id,inn
клиент,full_name
Passport Id,passport_number
client,full_name
ogrnip_code,ogrnip
birth_date,birth_date
passport-no,international_passport_number
fullname,full_name
регистрационный номер,ogrn
кпп_юрлица,kpp
НОМЕР ВОЕНБИЛЕТА,military_ticket_num
имя_пользователя,first_name
user_surname,last_name
person,full_name
okpo_company,okpo
НОМЕР ПФР,snils
датарождения,birth_date
contact_email,email
страховое свидетельство,snils
middle-name,middle_name
passportseries,passport_series
кпп,kpp
дата_рождения,birth_date
passport_series,passport_series
Лицевой Счет Пфр,snils
Fio,full_name
регистрационный номер,ogrn
дата_рождения,birth_date
фамилия_пользователя,last_name
ogrn_code,ogrn
серия,passport_series
СНИЛС,snils
passport,passport_number
Военник,military_ticket_num
seria,passport_series
основной-гос-номер,ogrn
surname,last_name
номер-регистрации,ogrn
ogrnip_code,ogrnip
Паспорт,passport_number
фамилияклиента,last_name
загран номер,international_passport_number
KPP_NUMBER,kpp
contact_person,full_name
Seria,passport_series
КПП,kpp
middle,middle_name
военник номер,military_ticket_num
военник_номер,military_ticket_num
SNILS_NUMBER,snils
Фамилия_Имя_Отчество,full_name
ogrnip_code,ogrnip
pension_number,snils
passport_series,passport_series
пользователь,full_name
phone,phone
РЕЕСТР ИП,ogrnip
Инн,inn
inn,inn
военник,military_ticket_num
мобильный тел,phone
др,birth_date
USER_LASTNAME,last_name
НОМЕР ТЕЛЕФОНА,phone
военбилет,military_ticket_num
госрегистрация,ogrn
Identification_Number,inn
passport,passport_number
тел.,phone
общероссийский классификатор,okpo
contact_number,phone
fullname,full_name
военный-документ,military_ticket_num
tel,phone
person_name,first_name
PASSPORT SERIES,passport_series
contact_name,first_name
email-клиента,email
Мilitary Id,military_ticket_num
огрн,ogrn
INSURANCE_NUMBER,snils
LOGIN_EMAIL,email
регистрационный_номер_ип,ogrnip
КОД ОРГАНИЗАЦИИ В ОКПО,okpo
Фио,full_name
okpo_id,okpo
военник номер,military_ticket_num
НОМЕР ОКПО,okpo
СЕРИЯ ПАСПОРТА,passport_series
номерзаписивегрип,ogrnip
билет_военный,military_ticket_num
миддлнейм,middle_name
огрнип,ogrnip
Tax_Id,inn
КПП,kpp
customername,full_name
воен.-билет-номер,military_ticket_num
кпп-компании,kpp
tax_code,inn
fathers_name,middle_name
INN_CODE,inn
kpp_code,kpp
Общероссийский Классификатор,okpo
Passport Series,passport_series
passportnumber,passport_number
код причины постановки,kpp
номер-телефона,phone
Егрюл Номер,ogrn
family name,last_name
фамилии,last_name
код-окпо,okpo
ОКПО,okpo
okpo_org,okpo
LASTNAME,last_name
inn_number,inn
ogrnid,ogrn
загран,international_passport_number
email_пользователя,email
Номер Огрн,ogrn
email,email
INN_NUMBER,inn
ogrn,ogrn
огрн ип,ogrnip
гос-номер-юрлица,ogrn
family,last_name
passport series,passport_series
CLIENT_TEL,phone
passport_series,passport_series
гос номер юрлица,ogrn
OGRN_NUMBER,ogrn
военникномер,military_ticket_num
family,last_name
passportnumber,passport_number
PERSON,full_name
пользователь,full_name
серия номер военного билета,military_ticket_num
дата рождения,birth_date
phone,phone
passport_no,passport_number
phone_number,phone
Fio,full_name
Серия Паспорта,passport_series
passport-number,international_passport_number
отчество,middle_name
identification_number,inn
PASSPORT NUMBER,international_passport_number
contact_person,full_name
passport,passport_number
военныйбилет№,military_ticket_num
ogrnipid,ogrnip
номер записи в егрюл,ogrn
номерогрнип,ogrnip
kpp_id,kpp
serpassport ser,passport_series
work_email,email
fullname,full_name
дата_рождения,birth_date
фамилияпользователя,last_name
cellphone,phone
emailклиента,email
seria,passport_series
номер окпо,okpo
регистрационный_номер_ип,ogrnip
ogrnnumber,ogrn
Birthdata,birth_date
номер_регистрации,ogrn
Tax_Id,inn
МILITARY ID,military_ticket_num
passport num,passport_number
kppid,kpp
okpocompany,okpo
номер в/б,military_ticket_num
документ_военнослужащего,military_ticket_num
ОТЧЕСТВО ПОКУПАТЕЛЯ,middle_name
PATRONYMIC,middle_name
отч,middle_name
кпп_юрлица,kpp
FATHERS_NAME,middle_name
Воен. Билет Номер,military_ticket_num
person_name,first_name
passport_no,passport_number
passport-no,international_passport_number
userinn,inn
ОТЧЕСТВО КЛИЕНТА,middle_name
Snils,snils
kpp,kpp
email_адрес,email
номер-воен.-билета,military_ticket_num
отчество,middle_name
middle,middle_name
tax_number,inn
военный-билет-серия,military_ticket_num
СНИЛС,snils
last_name,last_name
В/Б Номер,military_ticket_num
contact_person,full_name
MAIL,email
причинапостановки,kpp
